"season","weather","temp","hum","count"
3,3,0.56,0.94,1
3,2,0.62,0.94,2
1,1,0.1,0.54,1
3,1,0.66,0.65,1
3,1,0.66,0.74,3
3,1,0.68,0.69,1
2,3,0.42,0.94,1
2,2,0.5,0.94,2
2,3,0.42,0.94,1
2,1,0.32,0.61,1
2,1,0.58,0.73,2
1,1,0.22,0.64,1
3,1,0.66,0.78,1
2,2,0.54,0.88,2
3,3,0.72,0.79,2
1,1,0.3,0.56,1
1,1,0.3,0.42,1
2,2,0.74,0.37,5
1,1,0.02,0.48,1
4,1,0.3,0.75,1
1,1,0.44,0.51,2
2,1,0.54,0.49,3
4,1,0.48,0.51,2
1,2,0.32,0.76,1
3,1,0.62,0.57,2
2,1,0.88,0.39,4
4,2,0.58,0.94,1
3,1,0.72,0.51,3
2,1,0.38,0.62,2
2,2,0.42,0.82,2
2,1,0.6,0.73,4
3,1,0.74,0.66,1
1,1,0.12,0.74,1
4,2,0.46,0.88,2
3,1,0.74,0.35,3
4,1,0.32,0.93,1
4,1,0.48,0.82,2
4,1,0.4,0.62,1
2,1,0.64,0.29,3
1,3,0.34,0.93,1
3,2,0.82,0.56,2
1,1,0.12,0.3,2
2,1,0.66,0.65,1
4,2,0.36,0.81,1
2,1,0.2,0.59,2
2,1,0.52,0.77,2
4,1,0.52,0.42,6
3,1,0.5,0.77,2
3,2,0.58,0.88,2
2,2,0.44,0.77,1
2,2,0.34,0.76,1
3,1,0.72,0.62,4
4,1,0.48,0.44,3
1,1,0.22,0.35,1
4,1,0.3,0.52,1
1,2,0.16,0.55,1
4,1,0.58,0.35,5
2,3,0.32,0.76,1
3,1,0.72,0.84,1
4,1,0.32,0.87,1
1,1,0.18,0.43,1
1,1,0.26,0.41,2
3,2,0.7,0.65,1
2,2,0.74,0.27,5
2,2,0.24,0.52,1
2,1,0.4,0.82,1
2,1,0.48,0.77,2
3,1,0.54,0.64,4
3,1,0.66,0.74,5
1,1,0.1,0.5,1
2,1,0.24,0.65,1
2,1,0.6,0.64,1
4,2,0.62,0.94,1
3,1,0.66,0.83,1
4,1,0.28,0.48,2
3,1,0.4,0.71,1
2,2,0.52,0.45,6
4,3,0.44,1,1
2,1,0.88,0.37,4
1,1,0.12,0.3,1
2,1,0.56,0.64,2
1,1,0.24,0.41,1
1,3,0.22,1,1
2,2,0.4,0.76,3
2,1,0.54,1,1
2,2,0.36,1,1
2,2,0.64,0.69,2
4,3,0.46,0.72,2
4,2,0.6,1,1
3,1,0.52,0.72,4
3,1,0.84,0.56,3
1,1,0.22,0.64,1
2,1,0.38,0.46,2
3,1,0.7,0.74,3
4,2,0.38,0.54,2
4,1,0.72,0.62,2
3,2,0.74,0.74,5
3,1,0.56,0.73,2
2,1,0.4,0.62,1
2,2,0.58,0.78,2
1,2,0.2,0.47,1
1,2,0.26,0.56,2
3,1,0.7,0.84,1
2,1,0.44,0.62,2
4,2,0.46,0.82,2
2,2,0.54,0.68,1
3,1,0.66,0.5,1
4,1,0.5,0.77,3
2,1,0.52,0.63,1
4,2,0.56,0.94,2
4,2,0.46,0.51,3
4,2,0.48,0.51,2
1,1,0.42,0.71,3
4,1,0.36,0.81,2
2,2,0.52,0.72,3
1,3,0.2,1,1
2,1,0.74,0.51,1
1,1,0.18,0.51,1
3,3,0.66,0.83,2
4,1,0.4,0.54,2
2,1,0.6,0.4,1
2,1,0.56,0.37,4
1,1,0.42,0.47,2
2,3,0.3,0.93,1
4,1,0.48,0.77,1
2,1,0.56,0.94,1
3,1,0.82,0.43,4
4,1,0.46,0.82,1
2,1,0.44,0.88,2
3,1,0.82,0.21,5
2,1,0.62,0.69,2
4,2,0.64,0.89,4
4,1,0.26,0.75,1
2,1,0.22,0.41,2
1,2,0.46,0.67,2
3,1,0.72,0.84,4
3,1,0.74,0.7,4
4,1,0.32,0.87,1
2,2,0.26,0.93,1
1,1,0.2,0.44,1
1,1,0.32,0.31,3
3,1,0.7,0.79,3
4,1,0.58,0.35,5
3,2,0.68,0.74,4
3,1,0.66,0.83,1
1,1,0.62,0.46,2
3,1,0.74,0.58,3
4,3,0.54,0.6,2
4,1,0.42,0.77,2
3,3,0.74,0.79,4
4,3,0.34,0.61,2
3,1,0.84,0.56,5
4,1,0.44,0.62,2
2,1,0.62,0.78,1
1,1,0.26,0.56,1
2,2,0.52,0.88,5
4,3,0.4,0.87,2
4,1,0.66,0.39,5
3,2,0.68,0.83,2
3,1,0.72,0.48,4
2,1,0.56,0.94,2
4,2,0.6,0.78,7
3,2,0.74,0.62,3
2,1,0.46,0.41,4
1,2,0.42,0.88,1
4,2,0.66,0.83,3
1,2,0.3,0.65,2
2,1,0.56,0.94,1
3,1,0.64,0.78,4
4,1,0.3,0.36,4
4,2,0.52,0.83,1
1,2,0.28,0.45,1
3,1,0.7,0.84,1
1,2,0.26,0.87,2
4,1,0.46,0.63,5
3,1,0.74,0.3,2
2,1,0.66,0.74,2
3,1,0.8,0.43,4
4,1,0.4,0.58,1
1,2,0.4,0.76,1
2,2,0.66,0.78,4
3,1,0.84,0.32,5
3,1,0.72,0.3,3
4,3,0.54,0.94,1
1,1,0.7,0.37,4
1,2,0.2,0.4,1
3,1,0.82,0.3,2
2,1,0.3,0.56,1
4,1,0.3,0.61,2
2,2,0.58,0.88,3
4,1,0.26,0.48,1
3,1,0.72,0.84,1
4,3,0.48,1,1
4,1,0.46,0.55,1
2,2,0.36,0.81,3
3,1,0.72,0.79,3
1,2,0.16,0.59,2
4,1,0.3,0.28,3
4,2,0.54,0.88,3
3,3,0.64,0.94,1
2,1,0.64,0.73,1
2,1,0.64,0.69,5
4,2,0.34,0.57,1
2,1,0.72,0.79,1
4,1,0.56,0.6,2
1,1,0.22,0.8,1
3,1,0.6,0.78,5
4,1,0.56,0.73,2
4,1,0.54,0.77,5
3,1,0.62,0.69,1
3,2,0.7,0.74,2
1,3,0.26,0.56,1
3,1,0.86,0.36,1
3,1,0.76,0.43,5
4,1,0.38,0.94,1
3,1,0.7,0.54,1
3,3,0.64,0.89,1
3,1,0.68,0.69,1
1,2,0.4,0.87,3
3,2,0.66,0.78,6
4,2,0.44,1,2
3,1,0.54,0.83,1
4,1,0.34,0.87,1
4,1,0.22,0.87,3
1,3,0.22,0.93,1
3,1,0.68,0.83,1
2,1,0.56,0.64,2
4,2,0.32,0.7,1
3,1,0.76,0.48,1
3,1,0.62,0.88,2
4,1,0.58,0.56,4
2,1,0.44,0.41,2
1,1,0.2,0.51,1
1,2,0.18,0.51,3
3,1,0.66,0.89,1
2,1,0.38,0.54,2
3,1,0.68,0.79,1
4,2,0.52,0.52,2
2,1,0.5,0.42,2
2,1,0.46,0.41,2
2,1,0.92,0.35,2
3,1,0.86,0.44,2
2,1,0.54,0.32,4
3,2,0.8,0.63,3
2,1,0.28,0.38,2
1,1,0.2,0.47,1
3,1,0.74,0.27,6
4,1,0.3,0.42,2
2,1,0.24,0.3,1
2,1,0.62,0.88,2
3,3,0.62,1,1
4,1,0.3,0.75,2
1,1,0.2,0.69,1
4,1,0.28,0.48,3
3,1,0.76,0.66,1
4,1,0.52,0.48,3
2,3,0.64,0.89,1
3,1,0.56,0.73,1
2,2,0.5,0.59,1
2,2,0.42,0.88,2
2,1,0.36,0.43,2
2,2,0.52,0.94,2
4,1,0.44,0.82,1
4,3,0.44,1,1
1,1,0.34,0.87,1
3,1,0.7,0.84,1
3,1,0.8,0.46,4
2,3,0.52,1,3
3,3,0.74,0.58,1
1,1,0.2,0.55,1
4,1,0.32,0.45,3
4,1,0.6,0.94,2
3,3,0.62,0.83,1
3,1,0.74,0.48,3
1,1,0.04,0.45,1
3,2,0.62,0.94,2
2,1,0.58,0.49,5
2,2,0.44,0.77,1
4,1,0.46,0.59,1
4,2,0.34,0.61,1
1,3,0.22,0.93,1
4,1,0.26,0.41,3
1,1,0.22,0.69,1
4,2,0.44,0.33,1
4,1,0.62,0.5,4
2,2,0.62,0.61,1
1,1,0.22,0.51,1
2,1,0.7,0.58,3
3,1,0.7,0.65,2
3,1,0.88,0.29,4
2,2,0.36,0.81,1
1,1,0.3,0.52,1
3,1,0.82,0.49,6
3,2,0.64,0.89,3
1,2,0.14,0.63,1
1,1,0.5,0.31,4
1,2,0.24,0.87,3
2,1,0.68,0.57,2
3,1,0.9,0.25,4
2,1,0.62,0.94,1
4,1,0.56,0.6,4
2,2,0.7,0.61,3
2,1,0.56,0.43,3
4,1,0.48,0.67,2
4,1,0.44,0.67,2
4,3,0.44,1,1
2,2,0.6,0.73,1
2,1,0.6,0.46,2
4,1,0.32,0.66,1
2,1,0.92,0.35,6
3,2,0.82,0.46,3
4,3,0.54,0.94,1
1,1,0.24,0.38,1
2,1,0.52,0.48,1
2,2,0.64,0.78,1
4,1,0.28,0.56,1
1,1,0.24,0.87,1
3,3,0.7,0.84,5
3,1,0.92,0.18,3
1,2,0.36,0.4,2
4,1,0.26,0.6,1
3,1,0.9,0.42,2
2,2,0.56,0.94,1
3,1,0.7,0.74,2
1,1,0.02,0.44,1
3,2,0.58,0.64,6
1,1,0.42,0.54,1
1,2,0.34,0.53,2
3,1,0.9,0.37,3
2,1,0.72,0.58,6
4,2,0.42,0.71,2
3,1,0.7,0.65,1
3,2,0.7,0.74,3
1,2,0.12,0.8,1
4,2,0.52,0.94,1
2,1,0.76,0.22,2
2,1,0.54,0.6,1
3,2,0.72,0.84,2
1,1,0.46,0.51,3
1,2,0.36,0.57,1
3,1,0.78,0.25,4
2,1,0.64,0.65,4
2,1,0.24,0.7,1
4,3,0.54,1,3
4,1,0.58,0.32,5
3,3,0.54,0.94,3
1,1,0.2,0.44,2
1,1,0.4,0.37,2
4,1,0.4,0.5,2
4,1,0.6,0.88,1
2,2,0.22,0.32,2
2,1,0.18,0.43,1
1,1,0.34,0.19,1
2,2,0.26,0.93,1
4,1,0.2,0.51,1
3,2,0.68,0.89,1
3,1,0.64,0.65,3
4,3,0.46,0.94,3
1,3,0.2,1,1
2,3,0.42,0.82,1
2,2,0.74,0.74,3
2,1,0.6,0.73,1
2,3,0.34,1,1
1,1,0.52,0.23,1
3,1,0.64,0.89,1
4,1,0.62,0.94,1
1,1,0.1,0.54,1
1,3,0.24,0.93,1
1,1,0.44,0.13,1
1,3,0.2,0.75,1
4,1,0.24,0.65,1
3,2,0.54,0.45,3
3,2,0.7,0.82,4
2,1,0.42,0.94,1
3,1,0.62,0.73,2
4,1,0.2,0.69,1
2,2,0.74,0.55,4
2,1,0.9,0.37,5
3,1,0.8,0.46,2
4,3,0.4,0.94,1
1,2,0.18,0.43,1
3,1,0.68,0.65,1
4,2,0.42,0.94,5
3,1,0.8,0.29,2
2,1,0.66,0.74,3
3,1,0.82,0.26,6
4,1,0.38,0.71,2
3,1,0.74,0.7,1
3,1,0.72,0.54,7
1,1,0.22,0.64,2
4,1,0.3,0.87,1
2,2,0.5,0.72,3
2,1,0.48,0.67,2
4,3,0.5,0.88,1
1,1,0.34,0.33,2
3,1,0.68,0.74,2
2,1,0.7,0.34,2
3,2,0.68,0.65,3
4,1,0.5,0.77,2
2,2,0.66,0.78,1
3,1,0.74,0.35,3
2,1,0.62,0.38,6
1,2,0.18,0.51,2
4,2,0.6,0.94,1
3,3,0.64,0.94,1
1,1,0.34,0.53,2
3,2,0.54,0.88,3
3,2,0.7,0.84,1
1,1,0.22,0.6,1
2,1,0.66,0.31,3
1,1,0.28,0.36,1
3,2,0.64,0.94,1
2,1,0.34,0.76,1
1,1,0.3,0.56,1
2,1,0.48,0.94,1
2,1,0.56,0.88,2
2,1,0.5,0.68,1
3,1,0.86,0.3,3
1,1,0.46,0.41,3
3,1,0.86,0.41,2
4,3,0.4,0.76,2
2,1,0.64,0.78,1
1,1,0.3,0.42,1
3,1,0.76,0.75,1
1,1,0.3,0.45,1
1,2,0.24,0.6,2
2,1,0.46,0.94,1
2,3,0.5,0.88,1
1,1,0.26,0.33,2
2,1,0.64,0.89,1
2,1,0.6,0.38,2
3,1,0.44,0.77,1
4,1,0.6,0.53,3
1,1,0.02,0.62,1
3,1,0.72,0.7,3
2,3,0.46,0.94,1
2,1,0.42,0.94,1
1,1,0.22,0.37,2
4,1,0.3,0.52,3
3,2,0.76,0.55,3
4,1,0.52,0.48,2
3,1,0.6,0.69,1
2,1,0.66,0.44,1
3,1,0.68,0.69,2
4,1,0.4,0.76,4
1,1,0.36,0.71,1
1,1,0.36,0.93,1
4,1,0.52,0.77,4
2,2,0.6,0.53,1
2,2,0.34,0.81,1
4,1,0.32,0.7,1
1,1,0.2,0.47,1
4,2,0.62,0.94,1
4,1,0.42,0.71,1
4,2,0.36,0.87,1
4,1,0.5,0.45,4
2,1,0.46,0.63,3
4,2,0.6,0.88,3
4,3,0.62,0.83,5
3,1,0.74,0.3,3
4,1,0.26,0.6,1
3,2,0.74,0.79,3
2,1,0.52,0.29,4
4,1,0.18,0.59,1
3,2,0.7,0.74,5
1,1,0.34,0.46,1
4,3,0.46,0.94,1
2,1,0.54,1,1
3,1,0.72,0.45,3
2,1,0.64,0.89,1
2,1,0.58,0.49,4
1,2,0.46,0.67,1
2,1,0.56,0.43,5
2,1,0.42,0.54,1
3,1,0.66,0.74,1
4,1,0.24,0.87,1
2,1,0.58,0.88,1
2,1,0.56,0.83,3
1,2,0.16,0.59,2
3,1,0.64,0.65,3
4,2,0.56,0.83,1
2,1,0.46,0.63,1
4,1,0.58,0.49,5
4,1,0.62,0.53,4
2,1,0.68,0.89,1
3,1,0.6,0.94,1
4,3,0.4,0.76,3
3,1,0.72,0.84,1
1,1,0.22,0.55,2
4,2,0.56,0.73,3
2,2,0.72,0.58,3
3,1,0.62,0.83,5
1,2,0.32,0.76,2
2,2,0.5,0.72,2
2,2,0.52,1,1
4,3,0.6,0.73,2
3,2,0.66,0.44,3
3,1,0.82,0.43,5
3,2,0.62,0.83,2
4,3,0.46,0.94,2
3,2,0.76,0.66,3
1,1,0.18,0.55,1
3,1,0.84,0.49,2
4,3,0.38,0.94,2
1,1,0.28,0.38,2
1,1,0.32,0.28,1
2,1,0.44,0.67,2
4,1,0.46,0.88,1
3,1,0.72,0.7,3
3,3,0.66,0.94,1
1,2,0.3,1,1
2,2,0.5,1,1
3,1,0.68,0.74,2
1,1,0.2,0.47,1
2,3,0.24,0.93,1
1,1,0.34,0.31,2
3,2,0.76,0.55,4
2,1,0.72,0.58,4
3,1,0.86,0.41,2
1,2,0.4,1,1
4,1,0.36,0.46,2
4,3,0.36,0.87,3
3,2,0.6,0.83,1
4,2,0.36,0.66,2
1,1,0.5,0.88,2
3,2,0.7,0.79,1
4,1,0.42,0.71,2
3,2,0.76,0.7,5
2,2,0.42,0.82,1
2,1,0.5,1,1
3,3,0.54,0.88,2
3,2,0.54,0.94,1
2,1,0.3,0.61,1
1,1,0.32,0.76,1
2,1,0.88,0.39,5
4,2,0.28,0.87,4
1,1,0.26,0.65,1
2,1,0.26,0.38,1
3,1,0.66,0.65,2
3,1,0.72,0.66,1
2,1,0.62,0.5,2
1,1,0.26,0.25,1
2,1,0.22,0.44,1
3,1,0.68,0.57,2
4,1,0.16,0.86,1
3,1,0.86,0.3,2
1,3,0.42,0.71,1
1,1,0.16,0.74,2
2,1,0.34,0.76,1
3,1,0.68,0.69,4
3,1,0.4,0.71,1
4,3,0.42,0.94,1
4,2,0.46,1,1
1,3,0.2,0.75,1
2,2,0.7,0.58,2
3,1,0.66,0.85,2
1,1,0.34,0.25,1
3,2,0.7,0.79,3
3,1,0.8,0.59,4
3,1,0.62,0.57,1
4,2,0.6,1,1
4,2,0.4,0.62,2
1,3,0.16,0.8,1
2,3,0.6,0.78,3
4,1,0.36,0.81,2
1,2,0.16,0.55,1
4,2,0.4,0.82,1
1,1,0.14,0.31,1
2,1,0.56,0.43,4
2,2,0.72,0.66,2
1,2,0.04,0.41,1
1,1,0.46,0.31,2
4,3,0.46,1,1
2,2,0.62,0.65,1
2,1,0.78,0.59,5
1,2,0.18,0.64,1
1,2,0.2,0.69,1
3,3,0.62,0.94,3
1,1,0.24,0.3,1
1,2,0.22,0.93,1
4,1,0.36,0.57,1
4,1,0.48,0.88,2
2,1,0.52,0.48,1
3,3,0.62,0.94,2
1,1,0.36,0.46,1
2,1,0.28,0.24,1
4,1,0.2,0.69,1
4,2,0.36,0.76,2
1,3,0.16,0.93,1
2,2,0.28,0.93,1
2,2,0.44,0.82,1
3,1,0.74,0.48,5
4,2,0.52,0.77,5
4,1,0.42,0.44,2
3,1,0.86,0.39,3
4,1,0.4,0.62,1
2,1,0.44,0.62,3
4,2,0.26,0.7,1
3,1,0.72,0.54,2
2,1,0.78,0.62,3
2,2,0.58,0.88,5
2,3,0.32,0.87,1
3,1,0.66,0.74,1
2,1,0.46,0.72,2
2,2,0.58,0.94,1
4,1,0.64,0.47,2
2,1,0.74,0.3,5
1,1,0.08,0.35,1
1,2,0.44,0.72,1
1,2,0.3,0.61,1
4,1,0.44,0.88,1
2,1,0.52,0.94,1
3,1,0.6,0.69,1
4,1,0.36,0.66,2
1,1,0.14,0.63,1
2,1,0.52,0.88,1
2,1,0.68,0.79,1
2,1,0.3,0.24,1
4,2,0.3,0.56,4
2,1,0.62,0.83,2
4,1,0.4,0.82,1
4,1,0.54,0.52,2
3,1,0.78,0.43,2
3,1,0.66,0.74,1
4,1,0.46,0.82,1
2,3,0.52,0.94,1
4,3,0.26,0.87,1
3,2,0.86,0.41,3
4,1,0.6,0.53,3
1,1,0.46,0.47,3
2,1,0.58,0.78,4
4,2,0.68,0.83,3
3,1,0.74,0.58,4
3,1,0.68,0.83,2
4,1,0.22,0.55,1
1,1,0.14,0.39,1
4,2,0.62,0.94,4
1,2,0.2,0.64,1
2,1,0.7,0.65,3
1,2,0.4,0.47,3
1,1,0.44,0.41,3
1,1,0.02,0.48,1
1,2,0.36,0.62,1
3,1,0.76,0.33,2
2,3,0.54,0.94,3
4,1,0.34,0.29,3
4,2,0.58,0.94,2
1,1,0.2,0.51,3
2,2,0.54,0.64,2
2,1,0.52,0.42,5
1,1,0.22,0.32,1
2,2,0.64,0.61,1
4,1,0.52,0.68,7
3,1,0.66,0.54,3
1,1,0.3,0.52,1
3,2,0.48,0.67,2
4,3,0.52,0.55,1
2,2,0.52,0.83,2
4,2,0.48,0.94,1
4,1,0.52,0.52,3
3,1,0.7,0.58,4
4,1,0.24,0.7,1
1,2,0.24,0.32,1
4,2,0.52,0.88,1
4,1,0.3,0.45,1
2,1,0.34,0.71,1
2,1,0.62,0.73,5
4,2,0.36,0.76,1
3,1,0.84,0.56,3
4,1,0.56,0.4,2
4,2,0.36,0.57,2
2,1,0.38,0.4,3
2,1,0.58,0.88,2
2,1,0.7,0.58,5
4,1,0.62,0.5,4
4,2,0.28,0.87,1
1,2,0.34,0.53,1
4,2,0.46,1,1
2,1,0.58,0.6,3
1,2,0.26,0.56,1
1,1,0.16,0.69,1
1,3,0.22,0.93,1
3,1,0.74,0.3,4
1,1,0.6,0.43,2
1,3,0.34,0.87,1
4,2,0.64,0.78,5
4,2,0.4,0.87,4
1,1,0.26,0.7,1
1,1,0.22,0.44,1
2,2,0.72,0.54,2
2,1,0.66,0.69,3
3,1,0.7,0.89,1
2,1,0.32,0.81,1
4,1,0.38,0.54,2
4,1,0.4,0.37,2
3,1,0.64,0.94,3
3,1,0.7,0.48,3
1,1,0.16,0.59,1
4,2,0.3,1,5
3,1,0.84,0.71,3
1,2,0.2,0.59,1
2,1,0.86,0.5,1
2,1,0.7,0.61,6
1,1,0.3,0.39,1
4,2,0.34,0.61,2
3,1,0.78,0.29,3
4,1,0.32,0.49,3
4,1,0.42,0.47,2
4,1,0.3,0.49,2
4,2,0.5,0.72,5
3,2,0.7,0.79,5
1,1,0.16,0.69,1
3,2,0.78,0.52,5
2,1,0.72,0.62,3
4,1,0.34,0.87,1
4,1,0.64,0.83,4
3,3,0.8,0.55,6
4,1,0.46,0.88,4
1,2,0.16,0.47,1
1,1,0.14,0.33,1
2,2,0.58,0.6,2
2,1,0.66,0.27,3
1,1,0.14,0.93,1
4,3,0.38,0.82,2
1,2,0.12,0.8,1
1,1,0.2,0.47,1
3,1,0.58,0.78,1
2,3,0.54,1,1
2,1,0.84,0.49,2
3,1,0.68,0.61,2
3,2,0.82,0.56,2
3,3,0.58,0.78,1
3,2,0.66,0.83,2
3,2,0.68,0.79,3
2,1,0.9,0.37,2
3,1,0.74,0.62,1
3,1,0.6,0.83,1
4,3,0.46,0.94,1
1,1,0.5,0.29,4
4,3,0.62,0.94,1
2,2,0.5,1,1
4,1,0.42,0.38,3
3,1,0.7,0.54,5
2,1,0.48,0.67,1
4,1,0.56,0.56,5
1,1,0.48,0.82,1
4,1,0.3,0.87,1
1,1,0.32,0.53,2
3,2,0.62,0.94,3
3,1,0.7,0.48,3
4,1,0.26,0.6,1
2,1,0.3,0.36,3
2,1,0.7,0.65,2
1,1,0.22,0.35,1
4,3,0.22,0.93,1
3,1,0.72,0.48,4
4,1,0.66,0.82,4
2,3,0.32,0.93,1
1,1,0.14,0.59,1
4,1,0.4,0.66,2
2,1,0.72,0.51,4
1,1,0.38,0.54,3
3,1,0.72,0.42,2
1,1,0.26,0.6,1
4,1,0.28,0.7,1
4,1,0.36,0.81,1
1,1,0.12,0.8,1
3,1,0.86,0.39,6
2,1,0.66,0.54,3
4,1,0.22,0.69,2
3,2,0.54,0.68,2
2,1,0.34,0.23,3
4,1,0.26,0.81,1
2,1,0.68,0.34,2
3,1,0.7,0.74,1
3,1,0.86,0.44,3
1,1,0.38,0.66,1
1,1,0.5,0.88,2
3,2,0.7,0.7,3
4,1,0.52,0.83,1
4,1,0.24,0.65,1
2,1,0.62,0.94,2
1,1,0.12,0.36,1
4,1,0.36,0.81,1
3,1,0.7,0.45,2
1,1,0.3,0.56,2
1,1,0.16,0.69,1
1,1,0.2,0.44,1
4,1,0.46,0.63,2
4,1,0.2,0.8,1
4,3,0.62,0.94,1
2,1,0.32,0.42,2
4,1,0.34,0.66,1
4,1,0.5,0.63,4
3,1,0.5,0.59,2
2,3,0.52,0.88,4
4,1,0.32,0.93,5
2,1,0.7,0.34,3
4,2,0.46,0.94,1
1,1,0.1,0.36,1
4,2,0.46,0.77,4
3,1,0.9,0.27,3
4,1,0.32,0.81,1
3,1,0.6,0.69,1
2,1,0.46,0.31,4
1,2,0.48,0.88,1
1,1,0.26,0.35,2
4,2,0.36,0.57,2
1,1,0.4,0.37,1
4,1,0.42,0.35,3
2,1,0.66,0.78,2
2,2,0.52,1,1
4,3,0.6,0.94,1
3,1,0.82,0.63,3
1,1,0.24,0.75,1
3,1,0.7,0.61,1
1,2,0.4,0.5,1
4,2,0.36,0.81,2
1,3,0.42,1,1
1,1,0.34,0.61,1
4,1,0.42,0.62,4
3,1,0.72,0.62,2
4,1,0.42,0.67,1
3,1,0.6,0.83,3
3,2,0.72,0.84,2
3,3,0.72,0.66,2
4,1,0.28,0.52,2
3,1,0.7,0.61,2
4,2,0.5,0.77,2
1,2,0.28,0.93,1
3,1,0.8,0.66,2
2,2,0.7,0.58,2
2,2,0.34,1,1
1,1,0.22,0.47,1
1,1,0.16,0.55,1
1,2,0.18,0.43,1
4,1,0.32,0.87,1
3,1,0.7,0.79,5
4,3,0.4,0.94,1
1,1,0.14,0.93,1
3,1,0.74,0.51,3
3,1,0.64,0.78,4
2,2,0.52,0.94,3
2,1,0.3,0.61,1
3,1,0.56,0.94,2
2,3,0.52,1,1
1,1,0.4,0.62,1
4,1,0.52,0.52,2
2,1,0.76,0.75,2
2,1,0.48,0.55,4
1,1,0.5,0.42,4
4,1,0.52,0.27,3
2,1,0.26,0.41,1
2,1,0.66,0.78,2
1,2,0.2,0.59,1
3,2,0.74,0.55,2
2,1,0.76,0.37,2
2,2,0.36,0.81,3
1,1,0.14,0.5,1
1,1,0.42,0.77,1
1,1,0.2,0.44,1
2,1,0.54,0.39,3
4,1,0.32,0.61,2
1,2,0.06,0.38,1
2,2,0.32,0.21,2
1,1,0.12,0.33,1
2,1,0.52,0.45,2
1,2,0.16,0.74,1
1,2,0.3,0.45,1
3,3,0.48,0.67,3
1,1,0.16,0.59,1
4,2,0.54,0.94,1
4,1,0.32,0.93,1
2,1,0.5,0.94,1
2,1,0.66,0.61,2
4,1,0.22,0.75,1
4,1,0.62,0.94,1
4,1,0.56,0.64,1
3,1,0.74,0.43,3
4,1,0.36,0.34,3
4,2,0.64,0.83,3
2,1,0.5,0.68,1
3,1,0.8,0.46,4
2,1,0.62,0.46,2
4,2,0.42,0.71,2
4,1,0.3,0.75,2
1,3,0.22,0.93,1
4,1,0.4,0.82,1
1,2,0.18,0.47,1
2,3,0.32,0.93,1
1,2,0.16,0.59,1
2,2,0.36,0.93,1
1,1,0.3,0.49,1
2,1,0.5,0.55,2
4,2,0.52,0.94,2
3,2,0.56,0.68,6
2,1,0.74,0.62,3
1,1,0.3,0.87,1
4,1,0.26,0.7,2
4,1,0.26,0.81,1
3,1,0.76,0.52,6
3,2,0.64,0.65,2
1,1,0.22,0.75,1
2,3,0.4,1,1
3,1,0.76,0.55,3
2,2,0.54,0.77,2
1,1,0.2,0.51,1
3,3,0.6,1,1
2,2,0.5,1,1
3,1,0.62,0.53,2
3,1,0.82,0.36,4
2,3,0.66,0.83,6
3,1,0.72,0.51,2
3,2,0.66,0.65,2
1,1,0.38,0.62,1
1,1,0.3,0.33,2
1,1,0.34,0.46,1
3,1,0.62,0.78,1
3,1,0.74,0.74,6
2,2,0.74,0.55,4
2,1,0.52,0.59,1
3,1,0.66,0.83,1
4,1,0.52,0.77,3
4,1,0.34,0.31,3
2,1,0.7,0.48,2
4,1,0.38,0.46,4
1,1,0.4,0.35,3
4,2,0.44,1,1
2,1,0.48,0.63,1
1,1,0.26,0.48,1
3,1,0.68,0.83,1
1,1,0.14,0.46,1
1,3,0.44,1,3
4,1,0.42,0.58,4
3,2,0.66,0.89,3
4,2,0.62,0.94,2
1,1,0.24,0.65,1
2,1,0.3,0.33,2
4,2,0.46,0.51,5
3,2,0.8,0.59,2
1,3,0.28,0.75,1
3,2,0.62,0.94,1
1,1,0.4,0.15,1
3,1,0.72,0.62,6
2,1,0.7,0.61,2
4,1,0.28,0.75,1
2,1,0.66,0.78,2
4,1,0.58,0.56,2
3,1,0.8,0.33,4
2,2,0.7,0.79,3
3,3,0.6,0.88,1
1,1,0.04,0.57,1
4,1,0.42,0.88,1
2,1,0.7,0.58,2
1,2,0.42,1,1
3,1,0.64,0.69,1
2,1,0.56,0.83,3
4,1,0.4,0.87,2
2,1,0.46,0.59,1
1,1,0.26,0.7,1
1,1,0.32,0.57,3
3,1,0.72,0.62,1
3,1,0.58,0.73,1
1,1,0.2,0.47,1
4,2,0.66,0.54,5
3,1,0.72,0.62,4
4,1,0.58,1,1
4,1,0.3,0.42,3
1,2,0.22,0.93,1
2,1,0.44,0.62,2
4,1,0.38,0.82,1
4,3,0.44,1,1
1,2,0.22,0.55,1
1,2,0.24,0.81,2
1,1,0.32,0.22,3
1,2,0.44,0.62,2
2,1,0.76,0.62,4
4,1,0.48,0.48,2
2,2,0.56,0.6,2
4,2,0.44,0.62,1
2,2,0.32,0.81,2
4,2,0.3,0.61,3
2,1,0.2,0.47,1
3,1,0.84,0.44,4
3,1,0.72,0.7,4
1,1,0.22,0.25,1
1,3,0.26,0.56,1
2,3,0.4,1,1
4,1,0.66,0.44,5
2,1,0.46,0.94,1
4,1,0.56,0.37,3
4,1,0.5,0.51,2
3,1,0.64,0.61,1
1,1,0.14,0.86,1
3,1,0.6,0.83,1
4,1,0.46,0.51,1
3,1,0.64,0.83,1
1,1,0.2,0.44,1
3,2,0.6,0.83,1
2,2,0.32,0.87,1
1,1,0.14,0.5,3
2,1,0.3,0.7,1
2,1,0.42,0.77,1
2,1,0.58,0.78,2
1,2,0.24,0.92,1
1,3,0.28,1,1
2,1,0.64,0.65,1
4,2,0.34,0.76,1
2,1,0.64,0.89,2
4,2,0.5,0.72,2
4,1,0.58,0.56,5
4,1,0.38,0.46,4
3,1,0.84,0.41,2
4,2,0.62,0.94,2
4,2,0.52,0.59,4
3,1,0.64,0.53,1
4,3,0.38,1,1
1,1,0.4,0.76,2
4,2,0.46,0.67,2
3,1,0.76,0.35,3
1,2,0.18,0.55,1
4,1,0.64,0.5,5
4,3,0.5,1,1
4,1,0.62,0.78,3
4,1,0.24,0.65,1
3,1,0.64,0.57,1
4,2,0.26,0.56,1
1,1,0.34,0.39,2
1,2,0.18,0.47,1
1,1,0.18,0.74,1
3,1,0.6,0.64,1
4,1,0.64,0.47,6
1,1,0.24,0.23,1
1,1,0.3,0.61,2
3,1,0.54,0.56,1
3,1,0.58,0.83,4
1,2,0.18,0.55,1
2,2,0.56,0.43,6
4,1,0.34,0.61,4
4,2,0.52,0.94,1
3,1,0.58,0.88,1
2,1,0.64,0.47,2
1,1,0.32,0.49,1
4,1,0.62,0.5,5
2,1,0.46,0.59,3
4,1,0.42,0.62,1
1,1,0.22,0.37,1
1,1,0.3,0.56,1
2,1,0.5,0.36,2
4,1,0.32,0.7,1
3,1,0.72,0.7,1
1,2,0.28,0.81,1
2,2,0.42,0.47,2
2,2,0.3,0.49,1
1,2,0.12,0.42,1
3,1,0.76,0.43,5
1,1,0.32,0.57,1
4,1,0.24,0.65,1
2,2,0.32,1,1
3,1,0.78,0.66,1
2,2,0.4,1,1
1,1,0.26,0.56,2
4,1,0.26,0.56,3
4,2,0.5,0.77,2
4,1,0.36,0.4,4
2,2,0.5,0.72,3
3,1,0.74,0.51,6
3,2,0.66,0.83,3
4,2,0.36,0.43,3
4,2,0.38,0.54,3
3,1,0.68,0.69,1
4,1,0.42,0.58,5
1,1,0.26,0.48,1
4,1,0.48,0.77,1
3,1,0.76,0.29,2
1,1,0.34,0.42,1
4,2,0.32,0.7,1
3,3,0.82,0.56,6
1,1,0.22,0.55,1
1,2,0.3,0.93,1
4,1,0.5,0.55,2
2,1,0.7,0.74,3
1,1,0.32,0.39,3
3,1,0.64,0.65,1
2,1,0.64,0.41,2
4,1,0.4,0.62,1
3,2,0.74,0.79,3
4,2,0.26,0.87,5
4,1,0.24,0.75,1
3,1,0.8,0.52,2
2,1,0.76,0.27,4
4,3,0.46,0.94,1
4,1,0.46,0.59,1
4,1,0.42,0.47,2
1,1,0.34,0.31,1
1,1,0.44,0.54,1
3,3,0.7,0.79,3
3,1,0.72,0.79,1
2,1,0.62,0.46,2
3,1,0.62,0.65,2
4,2,0.5,0.72,5
3,1,0.8,0.46,3
2,1,0.52,0.83,2
1,2,0.36,0.81,1
4,1,0.44,0.47,3
2,1,0.54,0.73,1
2,1,0.4,0.76,1
4,1,0.22,0.44,1
2,1,0.74,0.7,4
4,2,0.48,0.55,2
3,1,0.82,0.59,2
4,1,0.3,0.81,1
4,1,0.6,0.73,3
2,3,0.62,0.57,1
4,3,0.46,0.88,1
4,1,0.36,0.76,1
4,1,0.34,0.87,1
2,1,0.7,0.61,2
4,1,0.36,0.71,5
3,1,0.72,0.7,1
2,1,0.5,0.34,3
1,1,0.22,0.44,1
2,2,0.4,0.76,2
4,1,0.26,0.81,1
1,3,0.16,0.93,1
4,2,0.46,1,2
4,1,0.48,0.48,3
2,2,0.5,0.72,2
4,1,0.4,0.4,3
1,1,0.3,0.24,3
3,1,0.84,0.47,3
4,3,0.34,0.87,1
3,1,0.9,0.37,3
1,1,0.28,0.75,1
4,2,0.44,0.88,2
2,2,0.26,0.87,3
4,1,0.34,0.76,1
3,3,0.62,0.94,1
1,1,0.36,0.4,1
2,1,0.36,0.66,1
1,1,0.18,0.55,1
4,1,0.42,0.41,4
1,1,0.22,0.55,1
3,1,0.72,0.34,3
2,2,0.32,0.45,2
3,2,0.62,1,1
2,1,0.58,0.46,2
1,1,0.24,0.65,1
4,2,0.46,0.94,3
1,2,0.48,0.82,1
3,2,0.68,0.89,1
4,1,0.36,0.71,1
2,1,0.48,0.82,1
2,1,0.54,0.52,2
1,1,0.24,0.65,1
3,1,0.7,0.79,3
3,1,0.74,0.55,5
4,1,0.3,0.81,1
1,1,0.34,0.34,3
1,1,0.26,0.35,1
1,1,0.22,0.8,1
2,2,0.52,0.88,3
1,1,0.32,0.43,1
4,1,0.4,0.66,2
4,2,0.24,0.6,1
4,1,0.38,0.66,3
2,2,0.34,0.87,1
4,2,0.36,0.62,1
3,1,0.9,0.25,3
1,2,0.34,0.36,2
4,1,0.34,0.81,1
3,2,0.62,0.78,4
2,2,0.5,0.55,2
4,1,0.4,0.54,1
1,2,0.36,0.25,1
3,2,0.62,0.94,1
1,1,0.24,0.52,1
3,1,0.86,0.39,2
2,1,0.6,0.88,2
4,2,0.56,0.94,1
4,1,0.3,0.36,2
2,1,0.44,0.41,2
1,1,0.4,0.4,3
4,1,0.24,0.41,1
2,2,0.24,0.93,1
2,1,0.22,0.41,1
3,2,0.72,0.79,3
4,3,0.44,1,1
3,1,0.6,0.83,1
4,1,0.3,0.61,2
4,1,0.34,0.53,3
2,1,0.44,0.54,1
2,2,0.46,0.82,1
4,2,0.46,0.59,2
2,1,0.64,0.69,6
3,1,0.64,0.83,1
1,1,0.2,0.55,1
4,2,0.48,0.67,3
1,2,0.24,0.65,1
1,2,0.2,0.64,2
3,1,0.7,0.65,3
3,3,0.54,0.83,2
1,1,0.24,0.41,1
3,1,0.64,0.89,1
4,3,0.54,0.88,1
2,1,0.84,0.53,5
4,2,0.44,0.72,2
4,2,0.36,1,2
2,1,0.52,0.55,2
2,1,0.46,0.72,2
2,2,0.34,0.71,1
4,3,0.6,0.94,2
2,1,0.62,0.78,1
1,1,0.24,0.65,3
1,1,0.3,0.52,1
1,2,0.32,0.93,1
1,1,0.32,0.57,2
1,1,0.26,0.35,1
4,1,0.4,0.37,4
1,1,0.4,0.58,1
4,1,0.5,0.51,3
4,1,0.26,0.75,1
2,2,0.62,0.88,2
3,1,0.76,0.33,3
3,1,0.82,0.36,2
4,2,0.56,0.83,5
3,2,0.74,0.7,3
4,1,0.2,0.69,1
3,1,0.62,0.73,1
4,1,0.48,0.55,5
1,1,0.32,0.36,1
3,1,0.82,0.59,2
1,1,0.34,0.46,2
2,1,0.56,0.4,2
4,2,0.54,0.64,3
3,2,0.54,0.45,3
2,1,0.46,0.88,2
4,1,0.26,0.6,1
1,2,0.32,0.93,1
1,1,0.46,0.36,2
3,1,0.9,0.53,2
2,1,0.66,0.83,1
2,3,0.24,0.93,1
4,1,0.3,0.56,2
2,1,0.66,0.74,5
1,2,0.26,0.56,2
3,1,0.84,0.56,2
1,2,0.16,0.55,1
2,1,0.8,0.66,3
2,2,0.38,0.87,1
3,1,0.74,0.55,2
2,2,0.62,0.33,2
2,3,0.74,0.58,4
2,1,0.54,0.88,1
2,2,0.38,0.87,1
1,1,0.1,0.42,1
2,2,0.32,0.87,1
2,2,0.54,0.52,2
2,1,0.38,0.22,2
2,1,0.54,0.49,2
4,2,0.38,0.87,1
3,1,0.72,0.51,1
1,1,0.4,0.62,1
3,1,0.74,0.33,3
2,1,0.7,0.79,1
4,2,0.34,0.66,2
3,1,0.82,0.56,2
1,1,0.32,0.36,2
3,1,0.74,0.62,3
1,2,0.24,0.52,2
1,2,0.16,0.74,1
4,1,0.3,0.61,1
1,1,0.24,0.38,1
4,1,0.3,0.75,2
1,3,0.42,0.94,1
2,2,0.62,0.88,1
3,1,0.8,0.71,2
2,1,0.7,0.45,5
2,1,0.58,0.78,4
3,1,0.8,0.31,3
1,2,0.54,0.39,1
1,2,0.2,0.37,1
4,2,0.4,0.71,2
3,1,0.64,0.69,2
1,2,0.24,0.7,1
4,2,0.52,0.94,2
1,1,0.12,0.39,1
3,3,0.64,0.89,1
2,1,0.34,0.25,2
1,1,0.26,0.93,1
4,1,0.56,0.52,6
1,2,0.16,0.59,1
2,1,0.52,1,2
3,1,0.7,0.74,1
3,1,0.7,0.65,1
2,1,0.68,0.61,4
4,3,0.54,0.94,1
3,1,0.72,0.74,4
1,1,0.52,0.08,1
1,2,0.44,0.62,3
2,1,0.52,0.55,3
4,3,0.34,0.71,1
3,1,0.76,0.45,5
3,1,0.72,0.48,4
3,1,0.78,0.62,3
3,1,0.62,0.53,1
2,1,0.58,0.83,1
3,3,0.66,0.83,1
4,1,0.4,0.4,3
1,1,0.16,0.8,1
1,1,0.26,0.81,1
4,2,0.36,0.93,1
4,2,0.66,0.74,4
3,3,0.74,0.79,2
4,1,0.26,0.56,1
1,1,0.2,0.25,1
4,2,0.38,0.87,1
4,1,0.34,0.53,3
2,1,0.56,0.43,1
4,2,0.44,0.67,2
1,1,0.32,0.49,1
3,2,0.7,0.84,1
3,2,0.66,0.74,3
4,1,0.56,0.6,3
2,1,0.38,0.66,1
2,1,0.64,0.73,1
4,2,0.38,0.87,1
2,1,0.32,0.53,1
4,1,0.64,0.61,3
2,1,0.44,0.58,1
2,1,0.5,0.31,3
3,1,0.7,0.89,2
2,1,0.7,0.37,6
4,1,0.4,0.66,3
3,1,0.9,0.5,4
2,2,0.4,0.87,3
4,1,0.6,0.4,5
4,1,0.32,0.81,3
2,1,0.5,0.55,2
3,2,0.64,0.89,1
3,1,0.78,0.59,2
2,2,0.46,0.28,3
4,3,0.44,1,1
2,1,0.66,0.41,1
2,1,0.66,0.61,2
1,1,0.3,0.61,3
3,3,0.54,0.94,1
3,3,0.82,0.46,2
1,1,0.24,0.7,1
1,1,0.22,0.35,1
2,1,0.68,0.89,1
1,1,0.12,0.54,1
4,1,0.32,0.93,1
1,2,0.3,0.49,1
3,1,0.74,0.74,5
2,2,0.72,0.84,2
2,2,0.52,1,1
3,1,0.72,0.79,2
4,1,0.46,0.94,1
2,1,0.52,0.94,1
2,3,0.34,0.93,1
4,2,0.28,0.45,3
1,1,0.24,0.75,2
2,3,0.6,0.83,1
3,1,0.7,0.45,6
1,2,0.26,0.7,1
1,1,0.26,0.7,1
3,3,0.62,1,2
3,1,0.8,0.52,1
3,1,0.56,0.68,1
1,1,0.24,0.56,1
3,1,0.74,0.66,4
1,2,0.38,0.25,1
3,2,0.6,0.69,2
4,3,0.6,0.88,1
1,1,0.38,0.71,1
2,1,0.3,0.61,1
1,1,0.2,0.4,2
2,1,0.7,0.54,3
2,1,0.4,0.71,5
4,1,0.32,0.66,1
2,1,0.18,0.74,1
1,2,0.24,0.7,1
4,3,0.46,1,1
1,1,0.12,0.28,2
1,1,0.16,0.47,1
1,3,0.32,0.93,1
2,1,0.76,0.27,2
3,3,0.6,0.88,1
3,1,0.8,0.41,2
2,1,0.76,0.31,6
3,1,0.64,0.89,1
3,1,0.62,0.69,5
3,1,0.66,0.54,1
1,1,0.22,0.37,1
1,1,0.12,0.39,1
4,2,0.48,0.77,2
2,3,0.24,0.93,1
2,2,0.36,0.63,1
4,2,0.44,1,1
3,1,0.8,0.29,6
3,1,0.72,0.7,4
4,2,0.4,0.58,2
4,2,0.4,0.66,2
1,2,0.24,0.75,1
1,2,0.4,0.76,2
1,1,0.2,0.69,1
2,1,0.62,0.83,1
4,2,0.44,0.47,2
2,1,0.6,0.56,3
3,1,0.8,0.55,3
3,1,0.74,0.58,1
1,1,0.14,0.8,1
3,1,0.76,0.35,2
1,1,0.42,0.44,3
1,1,0.66,0.34,4
3,2,0.66,0.74,2
4,1,0.38,0.82,1
3,1,0.62,0.61,1
3,1,0.66,0.83,3
1,1,0.34,0.42,2
1,2,0.16,0.86,2
1,1,0.14,0.54,2
1,1,0.3,0.28,1
4,1,0.46,0.59,1
2,2,0.52,0.94,2
4,2,0.52,0.77,1
3,2,0.56,0.94,1
2,1,0.36,0.76,1
4,1,0.34,0.76,1
1,1,0.26,0.87,1
1,1,0.34,0.34,1
3,1,0.58,0.83,1
1,3,0.34,0,1
3,1,0.7,0.42,2
4,1,0.6,0.88,1
4,2,0.38,0.66,3
2,2,0.68,0.36,1
1,1,0.22,0.47,1
1,2,0.38,0.2,1
2,2,0.48,0.88,1
1,1,0.22,0.69,1
4,1,0.36,0.76,1
1,2,0.4,0.71,1
3,1,0.74,0.66,2
3,1,0.72,0.54,3
4,1,0.52,0.83,1
1,1,0.26,0.56,1
4,1,0.24,0.67,2
3,1,0.6,0.64,1
2,1,0.62,0.83,1
2,1,0.46,0.51,2
4,2,0.36,1,1
4,2,0.52,0.83,2
2,2,0.56,0.88,3
3,3,0.54,0.94,1
3,2,0.62,0.94,1
2,2,0.36,0.93,1
2,3,0.52,0.83,1
4,3,0.46,1,1
4,1,0.32,0.76,1
4,2,0.54,0.68,5
4,3,0.46,0.94,2
3,2,0.52,0.77,5
4,3,0.5,1,1
4,2,0.52,0.63,3
3,3,0.6,0.93,1
3,1,0.68,0.57,1
1,1,0.3,0.56,2
3,2,0.74,0.84,1
2,1,0.4,0.76,1
2,3,0.16,0.86,1
2,2,0.68,0.61,3
1,1,0.24,0.81,1
1,2,0.58,0.32,3
1,1,0.5,0.42,4
1,1,0.14,0.8,1
1,3,0.22,0.6,1
1,2,0.46,0.94,1
2,3,0.68,0.83,3
4,2,0.32,0.45,3
3,1,0.7,0.74,2
3,3,0.7,0.79,1
3,1,0.7,0.65,3
1,2,0.44,0.77,2
3,1,0.64,0.69,3
2,2,0.38,0.87,1
3,1,0.62,0.57,1
1,1,0.36,0.46,1
4,1,0.44,1,1
2,1,0.6,0.69,6
3,1,0.66,0.69,1
3,1,0.64,0.61,2
3,1,0.64,0.73,1
4,3,0.38,0.71,2
4,1,0.46,0.94,1
3,2,0.66,0.74,1
2,1,0.74,0.58,3
4,1,0.44,0.72,5
3,1,0.72,0.74,1
2,1,0.28,0.36,1
2,2,0.56,0.37,2
4,1,0.62,0.43,3
1,2,0.3,0.33,2
4,2,0.48,0.48,2
4,1,0.66,0.83,6
2,1,0.64,0.83,2
4,1,0.28,0.52,1
2,2,0.76,0.35,2
4,3,0.6,0.94,2
1,2,0.2,0.75,1
1,1,0.4,0.58,2
3,2,0.76,0.7,1
1,1,0.22,0.69,1
3,1,0.76,0.35,3
3,2,0.54,0.94,1
1,1,0.16,0.8,1
1,1,0.34,0.53,1
3,2,0.76,0.79,4
3,1,0.76,0.55,3
2,1,0.52,0.34,4
4,1,0.48,0.67,1
1,2,0.16,0.69,1
3,1,0.74,0.42,4
3,1,0.74,0.42,2
2,1,0.26,0.48,1
4,1,0.46,0.59,2
4,1,0.38,0.62,1
2,1,0.64,0.33,7
4,1,0.44,0.72,4
2,2,0.54,0.68,2
4,2,0.42,0.54,5
3,1,0.56,0.73,1
4,2,0.6,1,1
3,2,0.76,0.52,2
1,1,0.36,0.43,1
3,1,0.8,0.41,3
3,1,0.82,0.56,4
3,1,0.74,0.55,3
4,1,0.72,0.37,4
2,2,0.74,0.58,3
1,1,0.12,0.5,1
2,2,0.76,0.48,4
3,1,0.82,0.71,2
3,1,0.7,0.79,1
1,1,0.22,0.44,1
3,1,0.58,0.64,1
2,1,0.68,0.26,3
2,2,0.52,0.83,1
1,1,0.28,0.65,1
1,1,0.28,0.56,1
3,1,0.66,0.69,1
4,2,0.62,0.88,1
1,3,0.22,0.93,2
3,1,0.62,0.83,2
3,2,0.66,0.94,1
1,2,0.32,0.87,1
4,2,0.42,0.67,1
4,3,0.62,1,1
3,1,0.7,0.48,3
3,1,0.72,0.34,5
2,2,0.44,0.77,1
2,1,0.58,0.43,4
2,2,0.7,0.39,3
2,1,0.62,0.78,2
2,1,0.46,0.82,3
3,2,0.52,0.72,1
1,1,0.4,0.37,1
4,1,0.42,0.71,2
3,1,0.6,0.73,1
2,1,0.7,0.65,2
2,1,0.64,0.73,2
4,1,0.32,0.81,1
3,1,0.68,0.83,2
4,1,0.64,0.44,5
3,3,0.54,0.88,1
4,2,0.36,0.71,3
3,1,0.54,0.77,2
3,1,0.66,0.83,1
1,2,0.24,0.75,1
3,1,0.66,0.5,1
4,1,0.32,0.87,5
2,2,0.3,0.87,2
4,2,0.28,0.93,1
3,2,0.7,0.79,2
3,1,0.54,0.94,1
2,1,0.54,0.6,1
1,1,0.2,0.32,1
2,1,0.7,0.54,5
3,1,0.76,0.48,3
1,1,0.28,0.28,2
1,2,0.42,0.88,1
3,1,0.72,0.62,4
1,2,0.44,0.51,2
1,3,0.32,0.93,1
4,1,0.56,0.73,4
4,1,0.32,0.39,1
3,2,0.7,0.61,3
2,1,0.38,0.82,1
3,1,0.42,0.67,5
4,3,0.5,0.88,1
4,1,0.2,0.8,1
1,1,0.1,0.42,1
2,1,0.58,0.88,3
4,2,0.44,0.94,1
3,1,0.84,0.36,4
2,3,0.34,0.61,2
1,1,0.18,0.93,1
4,1,0.54,0.45,4
4,1,0.56,0.37,3
3,1,0.7,0.74,1
1,1,0.26,0.56,1
2,1,0.64,0.78,2
4,1,0.24,0.56,1
4,1,0.32,0.45,3
4,2,0.32,0.57,3
3,1,0.74,0.4,5
2,1,0.22,0.37,1
3,2,0.8,0.49,1
4,1,0.44,0.62,3
2,3,0.66,0.83,5
2,2,0.66,0.54,5
1,2,0.2,0.51,1
3,2,0.68,0.79,3
4,1,0.54,0.49,2
4,1,0.4,0.62,1
2,1,0.32,0.57,1
4,2,0.36,0.66,3
1,3,0.22,0.93,1
2,2,0.3,0.87,2
3,1,0.72,0.69,1
1,1,0.26,0.3,1
2,1,0.46,0.41,1
2,1,0.4,0.54,1
4,3,0.46,0.88,1
3,2,0.64,0.89,3
1,1,0.36,0.57,1
1,2,0.32,0.57,1
3,1,0.72,0.62,5
4,3,0.38,0.94,1
3,1,0.7,0.79,2
2,2,0.74,0.58,3
3,1,0.78,0.75,1
4,1,0.5,0.72,1
2,2,0.66,0.78,1
2,2,0.44,0.72,1
3,1,0.72,0.74,3
3,2,0.7,0.7,4
3,1,0.76,0.66,1
3,1,0.72,0.7,1
3,1,0.9,0.27,4
3,1,0.76,0.45,5
3,1,0.76,0.66,3
3,1,0.74,0.55,4
3,1,0.66,0.61,4
2,1,0.86,0.47,2
1,1,0.3,0.62,1
2,1,0.64,0.89,1
4,1,0.32,0.87,1
3,1,0.86,0.53,2
4,1,0.6,0.94,1
3,1,0.68,0.89,1
3,1,0.8,0.59,1
2,1,0.66,0.57,2
2,1,0.72,0.26,4
1,1,0.28,0.36,1
3,1,0.74,0.35,3
4,2,0.52,0.62,2
4,1,0.6,0.56,2
2,3,0.34,0.76,1
4,1,0.16,0.59,1
4,1,0.32,0.45,3
3,3,0.48,0.82,3
1,3,0.16,0.93,1
4,1,0.26,0.44,1
4,2,0.6,1,1
1,1,0.46,0.44,3
1,1,0.22,0.51,1
2,2,0.54,0.73,1
2,1,0.58,0.83,2
4,2,0.36,0.62,3
1,2,0.12,0.8,1
3,1,0.74,0.37,4
2,1,0.8,0.43,6
2,1,0.7,0.61,2
3,1,0.66,0.78,1
1,1,0.2,0.75,1
4,1,0.5,0.82,3
3,2,0.84,0.49,2
1,2,0.24,0.75,3
3,1,0.8,0.52,3
4,2,0.54,0.6,2
4,2,0.44,0.88,2
2,1,0.56,0.83,1
2,1,0.66,0.65,6
2,1,0.62,0.46,3
1,1,0.28,0.45,1
4,2,0.36,0.53,3
1,1,0.48,0.39,4
3,1,0.56,0.88,1
2,2,0.72,0.62,3
2,1,0.32,0.31,2
1,2,0.2,0.51,1
1,2,0.36,0.18,2
4,1,0.46,0.59,2
4,1,0.3,0.52,2
4,1,0.46,0.88,2
1,1,0.16,0.5,1
3,1,0.7,0.65,4
3,3,0.74,0.7,4
1,2,0.42,0.77,1
2,3,0.58,0.49,4
3,1,0.72,0.54,1
1,1,0.14,0.86,1
3,1,0.74,0.4,5
2,1,0.56,0.49,3
2,3,0.34,0.87,1
3,1,0.86,0.56,6
3,2,0.64,0.83,6
1,1,0.3,0.62,1
2,2,0.6,0.56,3
4,1,0.5,0.45,2
3,1,0.8,0.59,2
2,2,0.26,0.25,1
4,1,0.56,0.6,2
3,2,0.68,0.79,1
3,2,0.82,0.59,3
2,1,0.62,0.35,2
3,1,0.74,0.4,5
1,3,0.22,0.87,1
3,1,0.66,0.74,1
3,1,0.72,0.74,4
2,1,0.54,0.64,2
4,1,0.2,0.8,1
3,2,0.66,0.89,1
3,1,0.56,0.73,1
3,1,0.54,0.94,1
2,1,0.42,0.77,5
3,2,0.7,0.84,2
1,1,0.1,0.46,1
2,2,0.54,0.42,3
2,1,0.44,0.94,3
3,2,0.72,0.7,6
1,2,0.16,0.8,1
2,1,0.42,0.94,1
4,1,0.32,0.81,1
3,2,0.74,0.74,5
2,1,0.32,0.36,2
1,2,0.36,0.57,2
1,1,0.34,0.42,1
1,1,0.26,0.87,1
3,2,0.72,0.74,5
2,1,0.58,0.37,3
1,2,0.3,0.7,1
2,1,0.72,0.62,3
2,1,0.66,0.36,2
3,2,0.66,0.94,1
3,2,0.72,0.74,2
4,2,0.58,0.9,2
3,2,0.78,0.52,3
1,2,0.32,0.93,3
4,1,0.6,0.53,3
3,1,0.72,0.51,2
2,1,0.72,0.62,4
1,2,0.2,0.44,1
4,1,0.5,0.63,2
3,1,0.7,0.84,1
1,1,0.16,0.74,1
4,1,0.3,0.42,2
4,1,0.36,0.76,2
1,1,0.54,0.34,2
1,3,0.22,0.93,1
2,1,0.64,0.44,4
1,1,0.36,0.43,2
2,1,0.5,1,1
4,1,0.46,0.59,1
2,1,0.26,0.7,1
2,1,0.66,0.61,2
2,2,0.44,0.77,1
3,2,0.72,0.58,2
1,1,0.18,0.43,1
2,1,0.5,0.42,4
1,2,0.3,0.61,1
2,1,0.7,0.39,7
1,1,0.32,0.29,1
2,1,0.64,0.73,2
4,1,0.48,0.51,4
2,1,0.56,0.94,1
4,1,0.56,0.43,2
4,2,0.38,0.94,3
1,1,0.22,0.8,1
4,2,0.42,0.88,4
1,1,0.1,0.46,1
3,1,0.7,0.74,1
2,3,0.54,0.94,1
3,1,0.64,0.69,1
4,1,0.42,0.5,2
4,2,0.44,0.88,2
1,1,0.22,0.64,1
2,2,0.64,0.69,2
3,1,0.48,0.67,2
2,1,0.72,0.66,2
4,1,0.3,0.45,1
2,2,0.6,0.78,2
2,1,0.54,0.88,2
3,3,0.6,0.83,1
2,1,0.5,0.93,1
4,2,0.42,0.54,3
4,1,0.54,0.39,2
2,2,0.46,0.84,2
4,1,0.34,0.87,1
2,1,0.76,0.75,2
1,1,0.16,0.4,2
4,2,0.4,0.82,1
1,1,0.14,0.46,1
3,1,0.9,0.31,4
4,1,0.64,0.44,5
4,1,0.62,0.94,1
4,2,0.36,0.46,4
3,1,0.7,0.74,4
3,3,0.6,0.88,1
1,1,0.22,0.6,1
3,1,0.64,0.69,3
2,1,0.66,0.78,1
2,1,0.34,0.76,1
1,1,0.12,0.28,1
4,1,0.3,0.81,1
4,1,0.26,0.75,1
2,1,0.54,0.39,5
1,3,0.2,1,1
1,2,0.24,0.65,1
4,2,0.58,0.78,2
1,1,0.26,0.6,1
4,1,0.66,0.78,2
3,1,0.8,0.43,2
4,2,0.26,0.87,1
1,2,0.44,0.94,1
4,2,0.52,0.77,1
2,1,0.62,0.53,2
2,1,0.42,0.77,3
2,3,0.38,0.94,2
1,2,0.4,0.76,2
2,1,0.46,0.51,1
2,1,0.46,0.82,1
3,1,0.52,0.68,3
3,2,0.66,0.89,5
1,1,0.24,0.75,1
3,1,0.82,0.48,2
4,2,0.64,0.89,2
3,1,0.64,0.53,1
4,1,0.36,0.81,1
1,2,0.18,0.74,1
1,2,0.12,0.8,1
3,2,0.7,0.79,5
4,1,0.34,0.49,4
2,1,0.42,0.77,1
3,1,0.72,0.79,1
3,2,0.72,0.48,3
3,1,0.74,0.55,7
4,2,0.42,0.82,1
3,1,0.8,0.49,2
2,2,0.5,0.63,2
1,1,0.4,0.35,1
3,1,0.76,0.58,1
1,2,0.16,0.69,1
3,1,0.62,0.94,2
2,1,0.74,0.66,5
3,2,0.68,0.65,4
4,1,0.36,0.87,1
1,2,0.34,0.36,1
3,1,0.7,0.84,1
4,1,0.36,0.76,1
1,1,0.3,0.81,2
4,3,0.22,0.93,1
2,2,0.62,0.94,3
1,2,0.56,0.49,2
1,1,0.28,0.61,1
2,1,0.52,0.59,2
3,1,0.72,0.42,6
4,1,0.54,0.68,3
1,1,0.14,0.39,1
2,1,0.58,0.83,2
3,1,0.72,0.62,3
4,1,0.32,0.93,5
3,1,0.74,0.55,3
1,2,0.2,0.59,1
1,1,0.36,0.46,2
2,2,0.56,0.78,1
3,2,0.84,0.59,1
4,1,0.52,0.39,3
3,2,0.54,0.94,1
2,1,0.56,0.73,4
4,1,0.46,0.63,1
1,1,0.26,0.93,1
3,1,0.76,0.55,2
4,3,0.6,1,1
3,1,0.72,0.7,1
3,1,0.74,0.66,2
3,3,0.7,0.84,2
2,1,0.66,0.83,2
4,1,0.64,0.41,6
4,1,0.18,0.55,1
2,1,0.34,0.46,1
2,1,0.32,0.53,1
3,1,0.76,0.45,3
2,1,0.7,0.58,4
4,2,0.34,0.42,2
3,1,0.68,0.83,1
3,1,0.72,0.84,2
3,1,0.38,0.71,1
1,1,0.32,0.57,2
4,1,0.46,0.59,3
3,1,0.86,0.56,3
1,2,0.24,0.93,2
3,1,0.76,0.55,2
1,2,0.32,0.57,1
2,1,0.6,0.83,1
4,1,0.44,0.88,1
4,1,0.48,0.72,1
4,1,0.26,0.6,5
4,1,0.4,0.37,2
1,3,0.26,0.56,1
2,1,0.74,0.28,7
4,1,0.46,0.67,2
3,1,0.54,0.68,4
3,1,0.72,0.3,7
2,1,0.66,0.65,4
3,1,0.68,0.61,1
2,1,0.62,0.53,2
1,1,0.16,0.59,1
1,1,0.38,0.76,1
4,1,0.56,0.68,4
1,1,0.06,0.41,1
1,2,0.42,0.77,2
1,2,0.16,0.69,1
1,2,0.16,0.59,1
3,3,0.64,0.89,3
3,1,0.78,0.59,2
4,1,0.46,0.67,2
1,3,0.26,0.56,1
4,1,0.36,0.4,3
3,1,0.66,0.5,2
1,2,0.2,0.4,1
2,2,0.32,0.49,3
4,2,0.5,0.77,1
4,1,0.54,0.68,4
2,1,0.44,0.51,2
4,2,0.5,0.42,4
2,1,0.52,0.36,2
3,1,0.7,0.65,1
1,2,0.2,0.69,1
4,3,0.24,0.93,1
2,2,0.22,0.55,1
2,3,0.56,0.83,3
2,1,0.42,0.47,1
2,1,0.72,0.32,7
1,1,0.2,0.75,3
3,3,0.64,0.89,1
2,1,0.76,0.55,3
2,1,0.72,0.74,2
3,1,0.64,0.73,1
3,1,0.78,0.59,3
4,2,0.46,0.94,5
2,1,0.42,0.58,4
3,2,0.66,0.78,2
2,1,0.7,0.39,1
1,2,0.3,0.42,1
3,1,0.7,0.84,4
2,1,0.56,0.52,4
2,3,0.18,0.74,1
2,2,0.36,0.87,1
3,1,0.72,0.64,2
2,2,0.66,0.89,1
3,1,0.7,0.65,2
1,2,0.32,0.93,1
2,1,0.24,0.48,2
1,1,0.22,0.64,2
3,2,0.7,0.84,1
1,1,0.2,0.64,1
1,2,0.22,0.93,1
4,1,0.28,0.52,4
1,1,0.36,0.71,1
3,1,0.82,0.43,2
4,2,0.46,0.47,2
1,1,0.34,0.46,1
2,1,0.64,0.73,3
3,1,0.64,0.83,1
1,1,0.14,0.59,1
2,1,0.72,0.74,4
2,1,0.8,0.46,5
1,2,0.22,0.69,1
2,1,0.6,0.94,1
2,2,0.66,0.74,1
3,3,0.68,0.65,1
4,2,0.4,0.66,2
1,1,0.04,0.45,1
2,1,0.56,0.52,2
1,1,0.36,0.29,2
1,2,0.34,0.87,2
2,1,0.5,0.42,4
2,1,0.52,0.59,1
3,1,0.78,0.49,2
3,1,0.66,0.89,2
4,1,0.22,0.55,1
2,1,0.44,1,1
2,2,0.46,0.88,1
4,1,0.38,0.66,1
2,1,0.78,0.59,4
4,3,0.46,1,1
3,1,0.7,0.58,3
2,2,0.56,0.49,2
3,2,0.64,0.73,1
3,1,0.66,0.65,1
4,2,0.52,0.77,2
3,1,0.84,0.53,3
1,1,0.22,0.35,1
3,1,0.7,0.79,2
1,2,0.42,0.28,2
2,3,0.76,0.4,6
1,1,0.22,0.69,1
3,1,0.86,0.41,2
3,1,0.84,0.44,6
4,1,0.5,0.82,1
2,1,0.56,0.88,1
2,1,0.6,0.69,2
3,3,0.66,0.89,1
3,1,0.72,0.74,1
3,1,0.64,0.69,2
3,1,0.72,0.7,1
4,2,0.4,0.76,3
1,2,0.3,0.81,1
1,1,0.06,0.49,1
3,1,0.82,0.52,4
1,1,0.2,0.51,2
1,2,0.42,0.77,2
2,1,0.2,0.34,3
3,2,0.64,0.89,5
4,3,0.56,0.88,2
2,1,0.42,0.67,1
1,1,0.22,0.37,1
3,1,0.76,0.45,6
4,1,0.48,0.72,1
1,2,0.2,0.4,1
1,1,0.2,0.59,3
1,1,0.24,0.75,2
2,1,0.62,0.83,1
3,2,0.66,0.74,2
3,1,0.58,0.88,1
2,1,0.56,0.52,2
2,1,0.3,0.49,1
2,2,0.52,0.55,2
1,1,0.2,0.59,1
2,1,0.52,0.55,2
1,1,0.18,0.74,3
4,3,0.26,0.93,1
1,1,0.28,0.87,1
4,1,0.36,0.81,1
1,3,0.44,0,1
1,2,0.32,0.57,1
3,1,0.74,0.74,2
3,1,0.82,0.56,2
3,1,0.86,0.47,3
1,1,0.32,0.57,3
3,2,0.62,0.78,1
3,1,0.7,0.45,4
2,2,0.5,0.88,4
3,1,0.6,0.83,4
2,1,0.6,0.4,2
2,3,0.52,0.94,1
3,2,0.7,0.61,4
4,1,0.5,0.63,3
3,2,0.7,0.74,3
1,1,0.3,0.65,1
1,2,0.32,0.42,2
3,1,0.56,0.73,1
2,3,0.56,0.78,2
2,1,0.66,0.39,5
3,1,0.66,0.69,3
1,1,0.36,0.25,1
4,1,0.4,0.35,2
3,1,0.74,0.37,6
4,1,0.42,0.35,4
1,1,0.36,0.27,3
2,1,0.6,0.56,3
1,2,0.16,0.5,1
2,2,0.32,0.7,2
4,1,0.22,0.55,1
3,2,0.62,0.78,1
3,2,0.66,0.94,1
4,1,0.5,0.68,2
3,1,0.74,0.58,1
4,1,0.36,0.46,3
4,1,0.3,0.75,1
4,1,0.62,0.69,4
4,1,0.3,0.65,1
4,1,0.24,0.81,4
1,1,0.62,0.29,2
2,2,0.26,0.3,1
3,1,0.72,0.66,1
4,2,0.56,0.9,3
3,2,0.74,0.79,1
4,2,0.34,1,2
2,1,0.6,0.88,1
1,1,0.24,0.48,1
2,2,0.56,0.68,1
3,3,0.76,0.66,2
3,1,0.78,0.66,2
3,1,0.74,0.66,1
2,3,0.42,1,1
3,1,0.54,1,1
2,1,0.3,0.45,1
4,3,0.24,0.87,1
4,3,0.56,0.73,1
4,1,0.24,0.93,3
2,2,0.46,0.55,2
4,3,0.46,0.88,2
2,1,0.74,0.22,6
2,3,0.34,0.76,1
1,1,0.34,0.46,2
2,1,0.44,0.94,1
3,3,0.54,0.88,1
4,1,0.3,0.49,1
2,2,0.54,0.77,2
3,1,0.72,0.48,2
4,2,0.5,0.45,3
2,1,0.6,0.83,3
3,1,0.6,0.83,5
4,3,0.5,0.88,1
1,3,0.14,0.8,1
2,2,0.72,0.39,5
1,2,0.3,0.61,2
4,1,0.46,0.44,2
3,2,0.76,0.75,1
2,3,0.76,0.52,2
4,1,0.3,0.65,2
2,1,0.6,0.78,2
4,2,0.4,0.62,2
3,2,0.52,0.45,3
3,2,0.6,0.88,1
2,2,0.58,0.78,2
1,1,0.16,0.64,1
1,2,0.46,0.63,3
4,1,0.32,0.53,2
3,1,0.7,0.61,2
3,1,0.68,0.83,1
2,1,0.64,0.94,2
3,2,0.62,0.94,1
1,1,0.18,0.43,1
2,2,0.72,0.79,4
3,1,0.68,0.47,3
2,1,0.56,0.88,1
3,2,0.76,0.66,2
4,1,0.34,0.46,2
3,1,0.66,0.83,1
2,2,0.7,0.61,2
1,2,0.24,0.75,1
4,1,0.52,0.72,2
1,1,0.2,0.59,1
4,1,0.5,0.59,5
4,1,0.34,0.76,1
1,1,0.14,0.5,2
4,3,0.5,0.88,1
2,3,0.32,1,1
4,1,0.32,0.53,1
1,1,0.24,0.7,1
4,1,0.38,0.4,2
1,1,0.14,0.69,1
4,1,0.48,0.88,1
3,1,0.82,0.56,2
2,2,0.72,0.84,1
4,1,0.34,0.57,1
2,1,0.64,0.78,1
3,1,0.74,0.48,4
3,1,0.8,0.59,4
3,1,0.7,0.65,1
4,1,0.4,0.35,4
3,2,0.54,0.68,3
1,2,0.32,0.66,1
2,2,0.52,0.72,3
3,1,0.74,0.4,5
4,1,0.7,0.65,4
3,1,0.74,0.66,4
4,1,0.64,0.44,5
1,2,0.24,0.6,2
3,1,0.64,0.53,1
4,2,0.42,0.77,1
4,1,0.52,0.59,3
3,1,0.66,0.5,2
1,1,0.5,0.34,4
1,3,0.42,0.88,1
4,1,0.36,0.43,2
1,1,0.24,0.48,1
3,1,0.66,0.69,1
1,1,0.26,0.56,1
4,1,0.62,0.31,4
2,1,0.78,0.55,4
2,1,0.52,0.83,1
4,3,0.54,0.94,1
2,1,0.64,0.44,3
2,1,0.48,0.94,1
4,2,0.46,0.67,2
3,2,0.5,0.68,3
1,1,0.38,0.82,1
4,1,0.3,0.87,1
2,1,0.48,0.55,2
3,1,0.64,0.65,2
3,1,0.64,0.89,1
1,1,0.28,0.36,1
4,1,0.46,0.82,1
4,2,0.46,0.94,4
4,3,0.46,0.88,1
1,1,0.34,0.46,2
4,3,0.4,0.87,1
1,1,0.24,0.52,1
2,1,0.52,0.77,1
2,1,0.64,0.47,2
3,1,0.82,0.56,2
4,2,0.52,0.88,1
1,3,0.38,0.94,1
1,1,0.24,0.65,1
2,1,0.74,0.51,3
2,1,0.9,0.42,2
1,2,0.12,0.8,1
1,2,0.52,0.72,1
2,2,0.62,0.5,1
4,2,0.56,0.88,1
4,3,0.54,0.88,2
1,1,0.24,0.7,3
2,1,0.32,0.49,1
4,1,0.58,0.56,4
4,1,0.26,0.56,1
3,1,0.8,0.63,2
1,1,0.22,0.27,1
3,1,0.74,0.55,5
1,1,0.34,0.39,1
3,1,0.94,0.38,3
4,3,0.24,0.87,1
2,2,0.3,1,1
1,2,0.4,0.62,1
3,1,0.6,0.83,1
3,1,0.72,0.58,4
1,2,0.2,0.64,2
3,2,0.6,0.6,2
3,2,0.72,0.66,4
3,2,0.74,0.74,2
2,1,0.64,0.69,1
4,1,0.2,0.8,1
3,1,0.62,0.78,1
1,1,0.06,0.49,1
1,1,0.36,0.62,1
3,1,0.76,0.52,5
4,2,0.36,0.87,1
2,1,0.2,0.44,1
3,1,0.84,0.53,5
4,1,0.68,0.74,5
4,1,0.3,0.65,1
3,1,0.72,0.45,5
2,1,0.7,0.65,1
2,1,0.58,0.83,1
4,1,0.32,0.81,1
1,2,0.16,0.86,1
4,2,0.48,0.63,3
3,1,0.76,0.52,2
2,2,0.38,0.82,1
4,1,0.54,0.45,4
4,3,0.4,0.94,2
3,1,0.66,0.65,2
2,2,0.54,0.88,1
4,1,0.6,0.35,5
3,1,0.78,0.52,3
4,1,0.3,0.56,1
4,2,0.4,0.76,1
4,1,0.52,0.36,4
2,1,0.46,0.47,1
3,2,0.62,1,2
1,2,0.46,0.67,1
4,1,0.46,0.88,2
3,1,0.76,0.55,2
3,1,0.72,0.51,4
3,1,0.76,0.55,2
1,1,0.04,0.49,2
2,1,0.56,0.78,3
2,1,0.42,0.38,3
4,1,0.34,0.87,1
2,1,0.36,0.5,2
3,3,0.6,0.88,1
1,1,0.22,0.47,1
1,1,0.16,0.26,1
1,2,0.22,0.87,1
1,1,0.22,0.47,2
1,1,0.26,0.3,1
4,1,0.3,0.49,1
1,1,0.28,0.24,1
3,2,0.74,0.66,2
4,2,0.28,0.56,1
3,2,0.66,0.83,4
1,3,0.14,0.8,1
1,1,0.2,0.55,1
3,1,0.86,0.5,3
3,1,0.8,0.52,2
2,1,0.68,0.61,1
4,1,0.36,0.81,4
2,3,0.3,1,1
4,1,0.44,0.67,1
3,3,0.64,0.83,1
2,1,0.66,0.41,2
1,3,0.32,0.93,1
2,1,0.64,0.36,2
1,1,0.18,0.51,1
1,1,0.2,0.44,1
2,1,0.8,0.59,5
3,1,0.74,0.62,3
2,2,0.54,0.68,1
1,1,0.12,0.5,1
4,2,0.54,0.94,1
3,1,0.62,0.61,1
4,2,0.38,0.76,1
1,1,0.34,0.19,1
1,1,0.34,0.49,2
3,1,0.66,0.78,1
4,2,0.16,0.8,4
4,1,0.34,0.76,1
2,1,0.5,0.42,2
1,1,0.08,0.35,1
2,1,0.46,0.28,4
3,1,0.76,0.7,3
4,2,0.4,0.87,1
2,1,0.54,0.39,5
2,2,0.82,0.46,4
4,1,0.64,0.47,3
1,1,0.3,0.45,2
4,1,0.24,0.7,1
3,1,0.7,0.79,1
1,3,0.34,0.87,1
4,3,0.6,1,1
2,1,0.64,0.47,3
3,1,0.64,0.53,1
3,1,0.74,0.3,3
3,2,0.74,0.66,2
2,3,0.3,0.87,1
2,3,0.24,0.93,1
1,2,0.22,0.75,1
1,1,0.14,0.86,1
3,1,0.68,0.83,1
2,1,0.5,0.94,1
2,1,0.6,0.83,2
1,1,0.32,0.7,1
1,2,0.34,0.42,2
4,1,0.36,0.87,2
1,3,0.22,0.93,1
2,1,0.56,0.46,3
4,2,0.68,0.74,4
2,1,0.5,0.94,1
2,2,0.46,0.31,2
2,2,0.66,0.78,1
1,2,0.4,0.62,1
2,1,0.3,0.56,2
2,1,0.52,0.83,4
2,1,0.44,0.62,3
3,1,0.72,0.66,3
3,1,0.64,0.78,1
1,2,0.26,0.65,2
1,2,0.3,0.75,1
4,2,0.62,0.88,2
2,1,0.42,0.67,1
1,1,0.4,0.4,3
2,2,0.34,0.76,1
3,1,0.64,0.78,2
3,1,0.46,0.72,1
3,1,0.82,0.17,5
1,2,0.24,0.75,1
4,1,0.34,0.76,1
2,2,0.5,0.63,4
4,1,0.62,0.43,4
2,2,0.72,0.42,5
2,2,0.52,0.72,3
1,2,0.32,0.7,1
2,1,0.72,0.74,2
1,3,0.32,0.93,1
1,1,0.46,0.41,1
1,3,0.38,0.76,1
3,2,0.7,0.84,2
3,2,0.52,0.72,1
2,2,0.34,0.71,1
1,2,0.56,0.43,1
4,3,0.26,0.93,1
2,1,0.76,0.55,3
1,2,0.42,1,1
2,1,0.34,0.53,1
4,2,0.38,0.82,1
2,1,0.66,0.61,2
1,2,0.3,0.42,1
3,2,0.54,0.88,1
3,1,0.64,0.83,2
2,1,0.56,0.52,2
4,2,0.36,0.71,3
4,1,0.44,0.62,1
1,1,0.1,0.54,1
3,2,0.46,0.77,1
3,2,0.72,0.74,3
4,1,0.38,0.87,1
4,3,0.34,0.87,1
4,2,0.46,0.47,3
2,1,0.74,0.33,5
1,3,0.22,0.93,1
1,1,0.12,0.5,1
4,1,0.4,0.4,3
2,1,0.84,0.44,2
4,1,0.6,0.83,5
2,2,0.24,0.75,1
3,2,0.6,0.97,1
2,1,0.64,0.73,1
4,3,0.42,1,1
3,3,0.64,0.89,3
2,1,0.66,0.65,4
3,1,0.74,0.37,4
2,1,0.7,0.24,3
2,1,0.8,0.29,2
3,1,0.84,0.41,6
4,1,0.38,0.66,1
3,3,0.7,0.65,1
4,2,0.44,0.67,3
2,1,0.28,0.61,2
1,1,0.3,0.49,1
4,1,0.26,0.87,1
3,2,0.72,0.54,2
2,3,0.82,0.56,4
4,1,0.6,0.46,5
3,1,0.68,0.47,2
4,1,0.5,0.34,2
1,1,0.06,0.41,1
3,1,0.8,0.55,6
3,1,0.76,0.62,4
2,1,0.78,0.59,4
4,1,0.4,0.87,1
2,2,0.32,0.93,1
4,2,0.48,0.48,5
4,3,0.6,0.94,2
3,2,0.76,0.62,3
1,3,0.42,0.71,1
2,2,0.48,0.88,1
2,3,0.52,1,1
3,1,0.4,0.71,3
4,1,0.3,0.56,2
3,2,0.8,0.59,2
2,2,0.38,0.94,1
3,1,0.78,0.66,1
3,1,0.62,0.78,1
2,2,0.36,0.57,1
4,2,0.4,0.76,5
1,1,0.22,0.55,1
3,1,0.56,0.94,3
4,1,0.54,0.73,3
1,2,0.16,0.69,1
4,1,0.52,0.42,2
2,1,0.76,0.52,2
3,1,0.9,0.42,2
3,1,0.76,0.55,5
4,2,0.4,0.58,1
1,3,0.16,0.59,1
2,2,0.3,0.36,2
3,3,0.62,0.94,4
2,1,0.62,0.69,2
4,1,0.3,0.61,2
2,1,0.38,0.58,3
1,1,0.22,0.8,1
2,1,0.5,0.45,1
3,1,0.84,0.53,2
1,2,0.2,0.4,1
3,2,0.66,0.69,2
3,2,0.78,0.62,5
4,2,0.56,0.94,1
3,3,0.76,0.55,2
4,1,0.38,0.82,2
4,2,0.68,0.79,2
2,2,0.38,0.94,1
1,2,0.32,0.66,1
2,3,0.36,0.87,1
1,1,0.14,0.5,1
4,1,0.26,0.7,1
3,1,0.74,0.66,3
3,1,0.7,0.79,1
2,2,0.3,0.81,1
2,1,0.86,0.47,3
3,1,0.7,0.45,4
4,1,0.4,0.37,2
2,1,0.34,0.53,1
2,1,0.62,0.53,2
1,3,0.46,0.94,1
2,1,0.36,0.71,1
3,2,0.64,0.73,2
4,1,0.16,0.59,1
2,1,0.54,0.88,2
1,1,0.1,0.74,3
4,1,0.48,0.33,1
3,1,0.56,0.83,1
2,1,0.72,0.7,5
1,1,0.1,0.39,1
4,1,0.62,0.29,5
2,1,0.56,0.52,5
3,3,0.62,0.94,1
3,1,0.66,0.69,2
1,1,0.24,0.35,1
2,1,0.42,0.44,3
4,1,0.24,0.87,5
4,3,0.34,0.61,2
4,2,0.4,0.76,5
3,2,0.86,0.36,5
2,2,0.3,0.87,1
2,1,0.74,0.7,4
4,2,0.58,0.88,1
2,1,0.58,0.64,3
2,1,0.58,0.6,5
1,2,0.2,0.75,1
1,1,0.46,0.28,2
2,1,0.5,0.72,3
1,1,0.2,0.51,1
2,1,0.72,0.62,5
4,2,0.52,0.94,1
1,1,0.08,0.73,1
4,1,0.56,0.35,4
2,2,0.44,0.62,2
4,1,0.46,0.88,1
2,1,0.74,0.55,4
3,2,0.76,0.55,1
2,1,0.4,0.76,1
4,1,0.34,0.93,3
3,1,0.86,0.47,3
2,2,0.36,0.93,1
1,1,0.32,0.49,2
3,2,0.72,0.58,3
3,1,0.7,0.74,4
3,2,0.72,0.74,5
3,1,0.86,0.41,2
4,1,0.38,0.82,2
2,1,0.66,0.57,4
1,2,0.44,0.67,4
3,1,0.8,0.55,5
4,1,0.4,0.71,1
4,1,0.52,0.55,5
4,1,0.22,0.87,1
3,2,0.64,0.73,1
4,1,0.4,0.82,1
3,1,0.84,0.2,4
2,1,0.52,0.94,1
2,3,0.34,0.93,1
1,2,0.34,0.71,1
4,1,0.42,0.58,4
1,1,0.1,0.36,1
3,1,0.7,0.79,4
3,1,0.8,0.52,2
3,3,0.72,0.74,4
3,1,0.72,0.74,4
1,1,0.32,0.26,3
3,1,0.74,0.35,2
3,1,0.64,0.69,1
1,1,0.28,0.61,1
2,2,0.42,0.44,1
3,1,0.86,0.47,2
3,2,0.6,1,5
1,1,0.14,0.46,1
4,2,0.5,0.72,2
1,2,0.34,0.76,1
1,2,0.24,0.6,1
2,1,0.66,0.61,3
1,1,0.34,0.46,1
1,1,0.26,0.65,1
2,3,0.6,0.78,1
1,2,0.4,0.3,2
3,2,0.7,0.84,1
2,2,0.62,0.88,1
1,1,0.24,0.56,3
4,1,0.52,0.83,1
1,2,0.2,0.37,1
4,2,0.36,0.57,2
2,3,0.16,0.86,1
3,1,0.88,0.47,4
1,3,0.4,0,1
2,1,0.42,0.67,2
1,1,0.38,0.27,2
1,1,0.54,0.1,2
1,2,0.34,0.36,3
1,3,0.16,0.59,1
3,1,0.7,0.42,3
4,2,0.5,0.55,4
1,1,0.14,0.59,1
2,1,0.74,0.48,4
1,1,0.1,0.36,1
1,1,0.3,0.36,2
2,1,0.24,0.75,1
4,1,0.34,0.39,4
3,1,0.64,0.83,2
3,1,0.72,0.45,7
3,2,0.78,0.59,3
3,1,0.7,0.65,2
2,1,0.42,0.82,1
1,1,0.34,0.19,1
2,1,0.74,0.62,3
2,1,0.22,0.55,1
2,1,0.86,0.39,2
1,3,0.34,1,1
3,1,0.7,0.79,2
1,1,0.2,0.4,2
2,1,0.82,0.52,6
4,1,0.48,0.41,1
4,2,0.52,0.88,4
3,2,0.64,0.78,2
2,3,0.56,0.83,3
1,1,0.32,0.45,1
1,1,0.08,0.53,1
1,1,0.4,0.54,1
3,1,0.82,0.59,4
3,1,0.82,0.43,4
2,1,0.36,0.53,1
2,1,0.22,0.51,3
2,1,0.62,0.83,2
1,2,0.46,0.72,2
1,1,0.36,0.66,1
3,1,0.44,0.67,2
4,1,0.42,0.62,4
2,1,0.5,0.51,2
3,1,0.84,0.34,5
3,1,0.78,0.31,3
3,1,0.76,0.66,2
3,1,0.78,0.7,2
1,1,0.34,0.42,1
1,1,0.34,0.53,1
4,1,0.52,0.77,5
3,2,0.72,0.74,4
1,1,0.2,0.47,2
4,3,0.48,0.88,1
3,1,0.66,0.5,3
1,1,0.46,0.67,1
1,1,0.38,0.4,3
4,2,0.66,0.47,3
2,1,0.22,0.44,1
2,2,0.56,0.88,1
3,1,0.74,0.66,1
1,1,0.22,0.51,1
3,1,0.78,0.59,6
4,2,0.36,0.57,2
1,1,0.3,0.7,1
3,1,0.8,0.59,2
4,1,0.2,0.47,1
3,1,0.7,0.79,5
4,2,0.32,0.57,2
2,1,0.4,0.66,1
1,1,0.14,0.74,1
2,3,0.54,0.94,1
2,1,0.24,0.32,1
1,2,0.34,0.53,1
3,1,0.74,0.35,4
1,2,0.3,0.7,1
4,1,0.54,0.49,2
4,3,0.62,1,1
2,1,0.62,0.69,1
1,2,0.42,0.54,2
2,1,0.58,0.37,5
2,1,0.52,0.39,1
4,1,0.54,0.68,1
1,1,0.14,0.69,1
3,2,0.6,0.88,2
4,1,0.64,0.78,4
1,2,0.34,0.93,1
1,1,0.5,0.23,3
2,2,0.42,0.71,1
2,2,0.62,0.73,2
4,1,0.62,0.61,2
2,1,0.8,0.46,5
4,2,0.68,0.79,3
2,1,0.56,0.37,2
2,1,0.46,0.72,1
2,1,0.46,0.47,2
3,2,0.68,0.79,1
2,1,0.52,0.94,1
2,1,0.62,0.53,6
4,1,0.62,0.57,4
4,1,0.5,0.82,4
3,3,0.56,0.88,1
4,1,0.32,0.66,2
1,2,0.34,0.66,1
4,1,0.26,0.6,1
1,1,0.2,0.51,1
3,1,0.92,0.4,2
3,1,0.72,0.37,2
4,1,0.26,0.48,1
1,3,0.22,1,1
2,1,0.54,0.88,2
3,1,0.7,0.45,1
1,1,0.22,0.51,2
4,1,0.4,0.87,1
3,1,0.6,0.88,1
2,1,0.22,0.55,1
2,3,0.64,0.78,4
4,2,0.34,0.53,2
1,1,0.66,0.36,2
2,1,0.64,0.38,4
2,2,0.62,0.57,3
1,1,0.3,0.52,2
1,2,0.16,0.64,1
2,1,0.64,0.29,3
2,1,0.62,0.83,4
1,2,0.42,0.77,1
3,1,0.78,0.66,4
2,1,0.66,0.61,3
2,1,0.82,0.43,1
1,1,0.22,0.55,1
3,1,0.66,0.69,1
2,1,0.34,0.81,1
2,2,0.64,0.47,1
2,2,0.38,0.94,1
2,1,0.62,0.83,1
4,1,0.46,0.59,2
3,3,0.68,0.79,2
2,1,0.58,0.53,1
2,1,0.76,0.58,3
1,1,0.16,0.43,1
2,2,0.62,0.61,1
4,1,0.26,0.56,1
1,1,0.36,0.29,1
1,1,0.3,0.39,2
1,3,0.16,0.86,1
4,1,0.36,0.81,1
3,1,0.6,0.43,1
1,1,0.2,0.47,1
4,1,0.62,0.83,2
2,1,0.54,0.88,1
4,1,0.52,0.63,2
3,2,0.62,0.94,1
1,1,0.34,0.34,2
4,2,0.46,0.94,1
2,1,0.46,0.51,2
3,2,0.62,0.94,1
4,1,0.46,0.82,5
1,1,0.34,0.46,2
1,2,0.48,0.55,3
1,2,0.3,0.93,1
2,3,0.62,0.88,2
3,1,0.7,0.79,1
2,1,0.4,0.82,1
2,2,0.4,0.76,1
1,3,0.44,0,1
4,1,0.28,0.45,3
1,1,0.62,0.46,2
4,1,0.44,0.67,1
3,1,0.6,0.69,1
4,2,0.36,0.62,3
1,1,0.3,0.45,1
2,1,0.72,0.74,3
2,2,0.3,0.24,1
2,1,0.82,0.56,2
2,2,0.5,1,3
4,1,0.44,0.72,3
2,2,0.46,0.55,2
4,1,0.48,0.82,1
2,1,0.62,0.38,6
3,2,0.64,0.94,1
4,1,0.52,0.52,4
2,2,0.84,0.39,4
3,1,0.96,0.3,2
2,2,0.64,0.94,1
2,1,0.5,0.59,2
3,3,0.62,0.83,1
4,2,0.3,0.52,2
1,1,0.4,0.58,1
4,1,0.32,0.45,1
3,1,0.72,0.74,3
2,3,0.26,1,2
4,1,0.36,0.87,1
3,1,0.6,0.6,3
3,1,0.66,0.47,2
1,2,0.48,0.88,1
4,1,0.3,0.75,1
2,2,0.36,0.76,2
2,3,0.54,0.88,2
1,1,0.34,0.53,1
4,1,0.38,0.66,1
2,1,0.4,0.62,1
3,1,0.86,0.3,2
4,1,0.62,0.43,2
2,1,0.66,0.89,2
1,1,0.18,0.51,1
3,1,0.76,0.45,5
1,2,0.22,0.93,1
4,2,0.3,0.52,1
2,1,0.36,0.81,1
1,1,0.06,0.41,1
2,1,0.56,0.37,3
2,1,0.58,0.88,1
3,1,0.58,0.88,4
1,1,0.38,0.58,2
4,1,0.4,0.66,3
4,1,0.32,0.7,3
1,1,0.18,0.51,1
1,2,0.3,0.93,2
2,1,0.5,0.94,1
4,1,0.56,0.88,2
2,2,0.44,0.54,2
1,1,0.16,0.69,1
4,1,0.36,0.5,2
2,1,0.84,0.44,3
3,1,0.6,0.78,1
1,1,0.08,0.38,1
2,2,0.54,0.68,2
2,1,0.38,0.62,1
3,1,0.82,0.3,2
3,2,0.64,0.89,2
4,1,0.52,0.59,4
3,1,0.7,0.7,4
4,2,0.38,0.94,3
1,3,0.36,0,1
1,1,0.12,0.5,1
2,1,0.74,0.7,2
1,1,0.2,0.4,1
4,1,0.5,0.45,6
1,2,0.16,0.74,1
3,1,0.66,0.65,3
1,2,0.14,0.46,1
3,1,0.7,0.79,2
4,1,0.58,0.49,4
1,1,0.2,0.47,2
1,2,0.18,0.55,1
4,1,0.26,0.81,1
4,2,0.6,0.49,2
4,3,0.52,0.88,1
2,1,0.44,0.94,1
1,1,0.16,0.47,2
3,1,0.86,0.5,2
2,1,0.5,0.34,3
2,1,0.42,0.82,1
3,1,0.78,0.59,2
4,1,0.54,0.64,6
4,1,0.38,0.76,3
1,2,0.32,0.66,1
4,1,0.42,0.67,2
1,1,0.46,0.33,3
2,1,0.7,0.74,2
3,1,0.7,0.65,5
3,1,0.9,0.45,3
1,1,0.16,0.74,1
2,1,0.42,0.54,1
1,2,0.32,0.62,1
2,1,0.66,0.78,2
2,1,0.26,0.44,1
3,1,0.76,0.58,5
3,1,0.8,0.55,2
3,1,0.74,0.51,6
2,1,0.52,0.55,2
3,1,0.64,0.78,1
1,1,0.26,0.56,1
1,3,0.32,0.49,1
3,1,0.7,0.42,3
2,2,0.34,0.53,4
4,1,0.46,0.77,1
1,3,0.36,0.93,5
4,2,0.4,0.71,1
2,1,0.6,0.33,2
3,1,0.74,0.42,6
2,1,0.58,0.83,2
3,1,0.56,0.88,1
3,2,0.66,0.61,2
3,1,0.78,0.66,1
1,1,0.22,0.55,3
3,1,0.62,0.88,2
4,1,0.38,0.94,1
2,2,0.4,0.47,2
2,2,0.4,0.87,1
2,1,0.78,0.35,2
2,1,0.56,0.52,1
3,1,0.84,0.53,4
1,1,0.4,0.66,1
2,1,0.38,0.66,1
4,1,0.4,0.87,1
2,2,0.6,0.83,1
1,1,0.06,0.41,1
2,2,0.3,0.87,1
2,1,0.7,0.28,3
3,1,0.74,0.6,4
1,1,0.3,0.49,1
3,1,0.82,0.46,2
3,3,0.62,0.83,1
2,2,0.6,0.83,2
4,1,0.52,0.55,5
1,1,0.18,0.47,1
1,1,0.14,0.63,1
4,1,0.46,0.67,2
4,3,0.4,0.94,1
4,1,0.54,0.52,4
1,2,0.42,1,1
3,2,0.6,0.83,1
4,1,0.5,0.31,2
4,1,0.3,0.31,3
3,3,0.68,0.69,1
2,2,0.5,0.72,3
2,2,0.64,0.78,3
3,3,0.64,0.94,2
1,2,0.38,0.46,1
1,1,0.24,0.75,1
3,2,0.66,0.74,1
2,2,0.36,0.46,1
1,2,0.24,0.7,1
4,1,0.56,0.52,1
4,1,0.36,0.37,3
1,1,0.18,0.64,1
3,1,0.8,0.55,2
4,1,0.26,0.38,2
1,1,0.22,0.41,1
2,2,0.5,0.88,1
2,1,0.44,0.44,1
3,1,0.74,0.62,3
2,1,0.8,0.24,3
3,2,0.76,0.62,3
3,1,0.7,0.51,1
2,1,0.5,0.64,1
3,1,0.74,0.51,1
3,1,0.76,0.33,2
1,1,0.32,0.45,1
3,3,0.62,1,1
4,1,0.46,0.36,2
1,1,0.38,0.62,1
2,2,0.4,0.62,1
2,1,0.62,0.88,2
3,1,0.66,0.83,1
4,2,0.62,0.94,1
4,2,0.42,0.62,2
4,1,0.46,0.63,1
3,1,0.64,0.78,2
3,1,0.64,0.89,2
4,3,0.24,0.65,2
1,1,0.16,0.31,1
1,1,0.26,0.7,3
1,1,0.32,0.61,1
2,3,0.62,0.69,4
2,1,0.42,0.77,1
1,1,0.16,0.74,1
1,2,0.24,0.87,1
2,1,0.58,0.49,5
2,1,0.64,0.33,2
2,1,0.32,0.24,3
3,2,0.62,0.83,3
3,2,0.68,0.89,3
1,1,0.14,0.46,1
1,1,0.12,0.33,1
2,3,0.34,0.76,1
1,3,0.34,0.93,2
2,1,0.56,0.3,4
1,1,0.26,0.23,1
1,1,0.28,0.33,1
3,1,0.66,0.89,1
1,1,0.66,0.44,2
1,1,0.22,0.44,1
1,1,0.3,0.52,1
3,1,0.7,0.54,3
3,1,0.72,0.28,7
4,3,0.64,0.89,2
3,1,0.64,0.83,1
4,2,0.68,0.79,2
4,2,0.62,0.94,1
1,2,0.54,0.42,3
1,1,0.4,0.5,1
2,1,0.6,0.83,1
4,1,0.5,0.88,1
4,2,0.54,0.94,1
3,1,0.7,0.51,6
1,2,0.6,0.53,1
1,1,0.46,0.14,1
2,1,0.56,0.94,1
3,2,0.72,0.45,4
4,2,0.26,0.52,2
4,2,0.26,0.6,2
1,1,0.26,0.65,1
2,1,0.66,0.69,3
3,1,0.68,0.88,1
2,1,0.34,0.66,1
1,2,0.16,0.69,1
1,1,0.14,0.5,1
4,1,0.34,0.61,1
3,3,0.68,0.74,2
2,2,0.8,0.46,2
3,2,0.46,0.72,1
4,1,0.48,0.67,1
1,1,0.16,0.28,2
2,1,0.66,0.69,4
1,2,0.16,0.59,1
2,1,0.44,0.67,1
2,1,0.62,0.83,3
4,1,0.32,0.93,1
1,1,0.3,0.49,2
3,1,0.66,0.54,3
2,1,0.68,0.65,4
3,1,0.66,0.5,1
3,1,0.84,0.32,2
2,1,0.2,0.51,1
4,2,0.46,0.94,3
4,1,0.48,0.36,4
4,1,0.16,0.86,1
2,1,0.56,0.83,3
4,3,0.66,0.83,4
3,1,0.72,0.74,1
2,3,0.28,0.93,1
2,1,0.5,0.63,2
2,1,0.76,0.58,3
1,3,0.4,0.87,2
3,1,0.74,0.37,2
3,2,0.5,0.77,1
4,3,0.62,0.94,1
1,1,0.4,0.35,2
3,1,0.76,0.45,3
2,3,0.52,0.77,1
4,1,0.2,0.69,1
1,2,0.3,0.42,1
4,2,0.54,0.68,2
2,2,0.5,0.94,1
1,1,0.14,0.43,1
2,2,0.36,1,1
4,3,0.48,0.88,1
2,1,0.62,0.78,3
3,1,0.72,0.66,1
1,1,0.36,0.5,1
3,1,0.58,0.94,1
2,1,0.7,0.48,6
1,1,0.26,0.38,2
4,1,0.26,0.87,1
2,1,0.46,0.88,1
1,1,0.26,0.56,1
4,1,0.38,0.54,4
2,1,0.78,0.31,2
2,1,0.68,0.83,3
1,1,0.2,0.47,1
4,1,0.4,0.76,2
4,3,0.42,0.88,1
3,1,0.72,0.54,2
4,1,0.22,0.6,3
2,1,0.2,0.69,1
4,2,0.36,0.66,1
3,1,0.58,1,1
1,2,0.2,0.69,1
4,1,0.54,0.64,6
4,2,0.32,0.45,3
3,1,0.82,0.46,2
1,1,0.26,0.41,1
2,2,0.54,0.88,3
4,1,0.42,0.38,5
2,3,0.28,0.93,1
3,1,0.66,0.74,3
3,1,0.72,0.54,6
2,3,0.44,0.77,3
2,1,0.46,0.47,1
3,1,0.68,0.51,2
3,3,0.54,0.83,4
2,1,0.56,0.83,1
3,1,0.62,0.57,1
3,2,0.86,0.34,6
4,3,0.3,0.75,1
2,1,0.22,0.44,1
3,1,0.82,0.52,2
4,1,0.46,0.55,4
3,1,0.46,0.72,1
2,2,0.4,0.87,2
2,2,0.52,0.48,3
1,1,0.26,0.7,2
3,2,0.78,0.52,1
1,2,0.26,0.41,2
1,2,0.24,0.6,1
4,1,0.54,0.83,2
1,3,0.2,1,1
2,3,0.54,0.88,2
4,2,0.46,1,1
2,1,0.54,0.88,2
4,2,0.56,0.64,2
2,1,0.32,0.61,4
4,1,0.3,0.49,4
1,2,0.4,0.71,1
2,2,0.24,1,2
2,3,0.62,0.83,5
4,2,0.46,0.67,5
2,1,0.58,0.49,3
3,2,0.74,0.7,2
1,3,0.36,0.66,2
4,1,0.46,0.59,5
4,1,0.4,0.76,2
3,1,0.88,0.32,2
4,2,0.44,0.72,3
3,1,0.46,0.82,2
2,1,0.84,0.41,2
4,1,0.5,0.77,2
4,3,0.4,0.62,4
2,2,0.5,0.59,1
1,3,0.44,0.88,1
4,1,0.3,0.87,1
3,1,0.7,0.74,1
4,1,0.32,0.93,5
1,3,0.22,0.93,1
2,1,0.58,0.24,3
3,1,0.66,0.61,1
4,2,0.5,0.72,2
4,2,0.6,1,1
2,2,0.7,0.74,5
1,2,0.38,0.54,1
1,2,0.32,0.87,1
3,1,0.78,0.43,5
2,1,0.46,0.63,2
3,2,0.7,0.74,1
4,2,0.28,0.93,4
3,1,0.86,0.41,3
1,1,0.16,0.69,1
2,1,0.46,0.88,3
4,2,0.6,0.88,1
2,1,0.36,0.53,2
4,1,0.26,0.81,1
2,1,0.54,0.83,2
4,1,0.44,0.54,4
2,1,0.7,0.74,5
2,3,0.34,0.87,1
2,1,0.48,0.59,1
1,1,0.5,0.59,1
2,1,0.6,0.56,3
3,2,0.54,0.83,2
3,1,0.52,0.77,1
3,1,0.6,0.73,1
1,2,0.22,0.64,1
3,1,0.74,0.51,3
3,1,0.84,0.26,6
2,1,0.54,1,1
1,1,0.12,0.28,1
3,2,0.68,0.79,2
2,1,0.4,0.37,1
2,1,0.7,0.58,3
1,1,0.36,0.4,1
4,1,0.36,0.46,5
1,1,0.44,0.44,1
4,1,0.34,0.66,2
4,2,0.66,0.78,4
2,1,0.44,0.88,1
2,3,0.52,1,1
2,2,0.54,0.88,3
4,1,0.26,0.52,2
1,1,0.36,0.51,2
1,1,0.44,0.72,1
4,1,0.48,0.48,2
1,1,0.14,0.5,2
3,1,0.74,0.51,5
2,1,0.44,0.77,1
2,1,0.34,0.42,1
4,1,0.36,0.81,1
4,2,0.5,0.72,3
3,3,0.7,0.84,4
2,1,0.52,0.77,1
1,2,0.36,0.5,1
2,1,0.18,0.34,1
2,2,0.42,0.77,1
4,1,0.24,0.75,1
2,1,0.6,0.73,3
4,1,0.48,0.55,5
4,1,0.66,0.41,3
2,1,0.54,1,1
3,1,0.68,0.79,1
3,1,0.72,0.37,3
3,3,0.62,0.83,1
4,3,0.28,0.87,1
2,2,0.54,0.65,2
1,2,0.16,0.5,1
1,1,0.32,0.49,1
2,3,0.24,0.93,1
4,3,0.4,0.87,1
1,1,0.3,0.28,2
4,3,0.36,0.81,1
1,1,0.16,0.64,1
3,1,0.7,0.39,3
3,1,0.68,0.74,1
3,1,0.66,0.74,2
2,1,0.68,0.69,1
1,1,0.2,0.51,1
3,1,0.7,0.39,2
2,1,0.82,0.52,2
3,1,0.8,0.43,4
2,1,0.4,0.82,1
4,3,0.38,0.94,1
2,1,0.54,0.68,2
2,1,0.4,0.43,2
4,1,0.62,0.5,3
3,1,0.78,0.62,4
1,1,0.36,0.87,1
2,3,0.6,0.83,1
1,1,0.22,0.75,1
2,1,0.56,0.64,3
3,2,0.64,0.73,2
3,1,0.78,0.43,6
2,2,0.76,0.35,3
2,2,0.54,0.94,3
1,3,0.32,0.81,1
3,2,0.7,0.65,1
4,1,0.46,0.94,1
4,2,0.38,0.94,1
4,2,0.56,0.68,2
3,2,0.66,0.83,1
1,2,0.24,0.93,2
2,1,0.56,0.88,1
2,1,0.78,0.24,2
3,1,0.84,0.39,2
3,2,0.62,0.94,3
2,2,0.5,0.51,5
4,2,0.3,0.75,2
3,1,0.7,0.58,2
2,2,0.42,0.82,2
3,1,0.74,0.66,1
1,2,0.24,1,1
1,1,0.24,0.41,1
2,1,0.9,0.39,3
4,1,0.26,0.52,2
4,1,0.46,0.55,2
2,1,0.68,0.74,1
3,1,0.8,0.29,6
3,1,0.82,0.3,4
4,3,0.34,0.87,1
1,1,0.4,0.76,2
4,1,0.34,0.57,2
4,1,0.42,0.62,3
2,1,0.74,0.51,2
3,1,0.72,0.54,1
3,1,0.62,0.57,2
2,1,0.5,0.34,4
2,1,0.48,0.88,1
2,1,0.36,0.76,1
2,1,0.84,0.53,5
3,1,0.72,0.45,4
2,1,0.7,0.61,3
4,2,0.62,0.83,3
1,1,0.22,0.55,1
1,2,0.32,1,1
3,1,0.64,0.53,3
3,1,0.82,0.46,4
2,2,0.46,0.72,1
4,1,0.26,0.75,1
3,2,0.78,0.52,1
4,1,0.32,0.57,1
2,2,0.72,0.58,2
1,3,0.16,0.8,1
2,1,0.56,0.94,1
4,1,0.64,0.78,5
1,1,0.2,0.4,2
1,1,0.5,0.88,1
1,2,0.5,0.94,3
2,1,0.7,0.79,1
4,1,0.36,0.62,3
3,2,0.72,0.62,2
1,1,0.38,0.4,2
2,1,0.38,0.76,1
3,2,0.74,0.7,2
2,1,0.6,0.83,1
2,3,0.52,0.94,1
2,2,0.72,0.54,2
2,1,0.6,0.88,1
3,1,0.56,0.68,1
3,1,0.82,0.43,2
4,2,0.62,0.94,2
1,3,0.4,0.87,1
1,1,0.2,0.47,2
4,1,0.46,0.77,4
2,2,0.62,0.88,1
1,1,0.12,0.74,1
1,1,0.32,0.53,1
1,1,0.38,0.29,2
1,1,0.34,0.53,1
1,1,0.26,0.6,1
2,1,0.74,0.79,1
4,2,0.6,0.73,2
3,1,0.74,0.74,3
3,1,0.68,0.69,1
2,2,0.38,0.82,2
2,1,0.88,0.42,2
3,2,0.68,0.65,5
4,2,0.58,0.78,4
2,1,0.5,0.59,1
4,1,0.6,0.88,1
3,1,0.82,0.36,2
3,1,0.8,0.49,4
2,1,0.2,0.69,1
2,1,0.56,0.88,1
3,1,0.66,0.83,1
3,1,0.88,0.28,3
2,2,0.36,0.71,1
2,1,0.64,0.31,2
2,1,0.64,0.78,3
1,1,0.34,0.46,2
3,1,0.66,0.57,3
1,1,0.2,0.51,1
2,1,0.62,0.73,1
4,2,0.36,0.57,2
1,1,0.26,0.65,1
2,1,0.74,0.7,4
3,1,0.88,0.44,2
4,2,0.32,0.7,1
1,1,0.3,0.28,1
1,2,0.24,0.75,2
3,1,0.7,0.58,5
1,1,0.24,0.3,1
1,1,0.24,0.44,1
2,3,0.66,0.74,1
3,1,0.72,0.45,4
3,1,0.66,0.83,1
4,1,0.56,0.37,2
1,2,0.28,0.48,1
1,1,0.36,0.53,2
1,2,0.24,0.81,2
4,1,0.32,0.93,1
2,2,0.74,0.51,4
3,2,0.66,0.5,1
4,1,0.36,0.62,3
2,2,0.44,0.54,2
4,3,0.62,0.94,1
2,2,0.64,0.78,1
2,2,0.46,0.59,2
3,1,0.64,0.69,4
3,1,0.72,0.42,2
1,1,0.32,0.66,1
3,1,0.58,0.83,4
1,3,0.22,0.93,1
3,1,0.66,0.61,3
3,2,0.56,0.6,3
3,1,0.7,0.61,1
2,2,0.36,0.87,1
4,3,0.46,0.94,1
1,2,0.44,1,3
3,2,0.66,0.74,1
2,1,0.64,0.29,6
1,1,0.18,0.59,1
2,1,0.28,0.65,1
2,1,0.5,0.94,1
2,2,0.34,0.86,1
2,1,0.66,0.61,3
2,2,0.6,0.78,3
4,1,0.4,0.43,4
3,1,0.8,0.66,3
4,1,0.66,0.47,6
4,1,0.6,0.53,6
3,2,0.52,0.48,4
3,1,0.84,0.53,2
2,1,0.5,0.51,1
3,1,0.76,0.55,6
3,1,0.84,0.59,5
2,1,0.54,0.88,3
4,1,0.42,0.5,2
1,1,0.22,0.47,1
3,1,0.8,0.63,4
1,2,0.32,0.36,2
4,2,0.4,0.76,3
4,1,0.28,0.65,1
4,3,0.5,0.94,1
1,1,0.46,0.28,3
3,1,0.74,0.45,2
1,1,0.24,0.52,2
1,1,0.3,0.52,1
1,1,0.16,0.37,1
2,2,0.54,0.94,1
3,1,0.64,0.78,3
3,1,0.62,0.73,5
3,1,0.66,0.83,3
1,1,0.24,0.44,1
3,2,0.56,0.64,4
3,1,0.64,0.57,1
2,1,0.3,0.39,2
3,2,0.7,0.54,2
4,1,0.32,0.57,2
3,1,0.76,0.58,4
2,2,0.52,1,1
1,1,0.32,0.57,1
1,1,0.16,0.55,1
4,1,0.34,0.61,1
4,2,0.26,0.6,1
3,2,0.64,0.83,2
4,1,0.24,0.48,2
4,1,0.44,0.67,1
1,1,0.32,0.76,2
1,2,0.34,0.76,2
2,2,0.5,0.82,1
4,1,0.2,0.75,1
2,1,0.72,0.58,4
3,1,0.72,0.74,5
4,1,0.46,0.55,2
3,1,0.76,0.62,2
1,2,0.16,0.47,1
2,1,0.46,0.88,1
4,2,0.56,0.83,2
1,1,0.2,0.27,1
1,1,0.2,0.59,1
3,1,0.72,0.79,3
2,1,0.68,0.65,2
2,1,0.6,0.88,1
4,1,0.36,0.71,1
3,2,0.6,0.83,1
2,1,0.42,0.67,4
3,1,0.6,0.69,1
4,1,0.36,0.53,1
1,1,0.22,0.37,1
1,1,0.36,0.62,2
3,1,0.74,0.66,2
4,2,0.52,0.83,2
3,2,0.72,0.84,1
2,2,0.3,0.56,1
3,1,0.7,0.84,2
1,1,0.34,0.46,1
3,3,0.62,0.94,1
4,3,0.36,0.81,1
1,2,0.34,0.93,2
1,1,0.18,0.37,1
2,1,0.5,0.72,2
3,1,0.8,0.49,5
3,1,0.46,0.77,2
2,3,0.5,0.82,1
1,1,0.2,0.29,1
1,3,0.36,0.76,1
4,3,0.56,0.88,1
2,2,0.32,0.57,1
3,1,0.74,0.66,2
3,1,0.62,0.65,2
1,1,0.34,0.49,2
2,1,0.62,0.46,1
2,1,0.46,0.41,1
3,1,0.82,0.56,2
2,3,0.34,0.66,1
1,1,0.16,0.47,1
2,2,0.7,0.65,1
4,1,0.44,0.94,1
3,1,0.9,0.29,4
1,3,0.32,0.49,1
3,1,0.6,0.88,1
4,2,0.46,0.82,3
2,3,0.62,0.83,2
3,1,0.7,0.84,1
1,2,0.2,0.86,1
4,2,0.36,0.76,1
4,2,0.5,0.51,5
1,1,0.6,0.15,1
4,2,0.62,0.88,1
3,1,0.8,0.49,4
1,2,0.22,0.8,1
1,2,0.18,0.43,1
3,2,0.5,0.55,4
2,2,0.8,0.46,4
1,2,0.18,0.43,1
2,1,0.32,0.61,1
3,2,0.5,0.77,1
4,1,0.32,0.57,3
2,2,0.64,0.69,4
2,1,0.54,0.77,3
2,2,0.5,0.82,1
2,1,0.66,0.78,1
3,1,0.7,0.74,4
4,3,0.54,0.94,3
2,3,0.38,0.66,1
2,1,0.34,0.66,1
4,2,0.58,0.83,4
2,1,0.72,0.45,6
1,1,0.2,0.4,1
1,1,0.58,0.21,1
1,2,0.28,0.61,1
3,1,0.6,0.88,1
3,1,0.7,0.65,2
1,1,0.34,0.66,1
1,2,0.42,0.58,1
1,1,0.22,0.55,1
1,3,0.42,1,1
2,1,0.5,0.55,1
1,1,0.42,0.3,1
4,1,0.34,0.34,3
1,1,0.28,0.61,1
3,1,0.56,0.78,1
1,1,0.12,0.39,2
2,1,0.62,0.5,3
4,1,0.44,0.88,1
1,2,0.16,0.74,1
4,2,0.58,0.56,2
3,3,0.66,0.74,6
4,1,0.6,0.46,4
1,3,0.34,1,1
1,1,0.18,0.43,1
3,1,0.72,0.79,1
1,1,0.28,0.38,3
1,1,0.04,0.45,1
1,2,0.2,0.51,1
1,3,0.14,0.8,1
4,2,0.46,1,3
1,1,0.34,0.29,2
2,1,0.6,0.88,1
2,1,0.56,0.26,6
1,2,0.3,0.45,1
4,1,0.22,0.55,2
4,1,0.36,0.71,2
1,2,0.14,0.69,1
1,1,0.48,0.44,3
4,1,0.4,0.62,1
2,1,0.36,0.53,1
1,3,0.42,0,1
1,2,0.24,0.93,1
2,1,0.72,0.7,3
1,1,0.24,0.65,2
4,1,0.52,0.77,3
1,1,0.32,0.39,1
1,1,0.2,0.4,1
3,3,0.72,0.79,1
1,1,0.3,0.49,1
3,1,0.62,0.83,1
4,2,0.64,0.47,3
3,1,0.8,0.36,4
3,1,0.76,0.62,6
4,1,0.3,0.49,3
3,2,0.64,0.83,1
3,3,0.62,0.94,1
2,1,0.66,0.83,3
2,1,0.62,0.33,2
3,1,0.72,0.79,3
2,2,0.62,0.83,1
3,1,0.78,0.66,6
4,2,0.52,0.63,4
2,2,0.4,0.5,4
4,1,0.52,0.27,2
2,1,0.32,0.39,1
4,1,0.18,0.74,1
4,1,0.38,0.76,2
3,1,0.86,0.39,3
2,1,0.44,0.88,1
3,2,0.72,0.48,4
3,1,0.78,0.55,3
3,2,0.58,0.64,2
1,2,0.3,0.65,1
1,3,0.34,0.81,1
1,1,0.2,0.59,1
1,2,0.28,0.45,1
3,2,0.72,0.54,2
4,1,0.5,0.45,3
4,1,0.4,0.47,3
1,2,0.16,0.55,1
1,1,0.16,0.8,1
4,1,0.56,0.94,1
2,2,0.64,0.73,2
2,1,0.9,0.42,2
4,1,0.56,0.4,4
1,2,0.16,0.64,1
3,1,0.66,0.83,2
2,1,0.66,0.69,2
3,2,0.56,0.73,1
3,2,0.64,0.73,3
4,1,0.26,0.7,1
1,2,0.12,0.5,2
4,1,0.34,0.81,3
2,1,0.8,0.55,4
1,2,0.16,1,3
3,2,0.72,0.7,2
4,1,0.54,0.64,2
3,2,0.64,0.76,2
4,2,0.6,0.88,2
3,1,0.68,0.83,1
2,1,0.8,0.63,3
2,1,0.62,0.69,1
1,1,0.22,0.32,1
2,2,0.32,0.93,1
3,1,0.76,0.75,2
2,3,0.52,1,3
3,2,0.54,0.88,1
4,3,0.36,0.87,1
3,1,0.64,0.53,1
4,1,0.32,0.57,1
3,1,0.7,0.74,2
4,2,0.52,0.83,2
4,1,0.46,0.88,2
4,1,0.5,0.45,3
3,2,0.84,0.63,4
4,1,0.7,0.7,6
2,1,0.7,0.58,4
2,1,0.46,0.38,2
3,1,0.8,0.46,5
4,1,0.36,0.46,5
1,1,0.42,0.67,3
4,1,0.22,0.75,1
4,3,0.46,1,3
4,1,0.4,0.82,1
3,2,0.66,0.65,3
4,1,0.42,0.88,1
2,1,0.46,0.94,1
4,2,0.42,0.58,2
4,1,0.3,0.87,1
4,2,0.4,0.87,1
1,2,0.32,0.39,1
4,1,0.22,0.44,1
1,1,0.56,0.22,2
2,2,0.54,0.68,1
2,1,0.54,0.68,3
3,1,0.58,0.94,1
1,2,0.2,0.59,1
3,1,0.74,0.58,3
2,2,0.46,0.33,3
1,2,0.16,0.59,1
1,1,0.16,0.47,1
4,1,0.22,0.8,1
3,1,0.78,0.46,3
1,2,0.4,0.76,1
1,1,0.2,0.27,1
4,3,0.52,0.88,2
2,2,0.72,0.62,2
2,2,0.72,0.23,4
4,1,0.32,0.66,1
3,1,0.74,0.45,4
3,2,0.8,0.63,2
3,1,0.86,0.26,2
1,1,0.26,0.56,1
2,2,0.54,0.94,3
2,1,0.42,0.69,1
3,1,0.46,0.67,3
2,1,0.7,0.61,5
2,1,0.64,0.73,1
4,2,0.54,0.6,2
3,1,0.74,0.48,3
3,1,0.72,0.62,3
2,1,0.7,0.48,2
2,1,0.64,0.83,4
3,1,0.7,0.65,4
3,1,0.66,0.74,1
3,1,0.8,0.63,1
1,1,0.22,0.55,2
4,1,0.5,0.48,2
3,3,0.54,0.88,1
1,2,0.36,0.87,4
4,2,0.32,0.7,1
2,1,0.6,0.88,1
2,1,0.72,0.51,1
4,1,0.14,0.93,1
3,3,0.9,0.39,2
1,1,0.22,0.41,1
3,2,0.7,0.61,1
4,2,0.32,0.53,2
1,2,0.3,0.61,1
1,3,0.44,0.88,1
3,1,0.9,0.5,2
2,1,0.58,0.4,4
1,3,0.4,0.87,1
4,3,0.4,0.82,2
2,1,0.72,0.7,3
2,2,0.68,0.89,2
3,1,0.8,0.59,4
1,2,0.3,0.7,2
4,1,0.6,0.64,2
2,1,0.7,0.65,3
2,1,0.7,0.74,1
4,1,0.24,0.87,1
1,1,0.22,0.25,1
1,1,0.1,0.36,1
4,1,0.4,0.4,2
3,1,0.9,0.42,3
2,1,0.62,0.43,5
3,3,0.66,0.94,2
2,1,0.54,0.52,2
1,2,0.34,0.93,3
1,2,0.46,0.94,1
1,3,0.22,1,1
1,1,0.18,0.47,1
1,1,0.14,0.74,1
3,2,0.58,0.56,4
4,2,0.34,0.42,2
2,2,0.48,0.77,4
1,3,0.22,0.93,1
2,1,0.52,0.63,1
4,1,0.38,0.46,2
3,1,0.7,0.34,2
1,1,0.18,0.86,1
1,1,0.24,0.62,1
1,1,0.22,0.6,2
4,1,0.42,0.67,2
4,1,0.32,0.87,1
3,1,0.64,0.69,1
1,1,0.26,0.48,1
2,1,0.4,0.82,1
3,1,0.7,0.79,1
4,3,0.36,0.81,1
4,1,0.44,0.51,2
1,2,0.36,0.66,1
2,1,0.7,0.37,4
3,1,0.72,0.39,4
1,3,0.24,0.75,1
3,2,0.68,0.79,3
3,1,0.82,0.56,2
2,1,0.7,0.74,4
1,1,0.4,0.5,2
3,2,0.66,0.78,1
1,3,0.14,0.93,1
3,2,0.64,0.65,2
1,1,0.14,0.5,1
3,1,0.7,0.79,1
1,1,0.24,0.52,1
2,1,0.52,0.94,1
4,1,0.42,0.82,2
1,1,0.24,0.6,1
4,2,0.48,0.77,2
3,3,0.66,0.89,2
2,2,0.42,0.82,1
1,1,0.32,0.61,1
2,1,0.54,0.43,4
4,2,0.64,0.53,5
2,2,0.46,0.88,3
2,1,0.7,0.24,6
3,1,0.62,0.83,1
4,1,0.42,0.44,2
1,1,0.2,0.44,1
2,1,0.7,0.7,3
2,2,0.34,0.76,1
1,1,0.34,0.34,1
2,1,0.44,0.94,1
2,1,0.64,0.57,2
1,2,0.26,0.56,1
3,3,0.54,0.94,1
4,2,0.48,0.51,3
3,2,0.9,0.27,6
2,1,0.64,0.83,2
1,1,0.14,0.26,1
3,1,0.6,0.88,2
1,1,0.18,0.59,1
1,3,0.18,0.59,1
3,1,0.74,0.74,3
1,1,0.16,0.43,1
3,1,0.74,0.67,3
4,1,0.3,0.87,1
3,1,0.72,0.58,2
4,1,0.22,0.8,1
4,2,0.46,0.88,1
4,3,0.62,0.94,1
3,1,0.7,0.65,5
2,1,0.66,0.5,5
1,1,0.2,0.64,1
1,2,0.16,0.74,1
3,1,0.74,0.48,4
4,2,0.64,0.83,2
4,1,0.22,0.93,1
4,1,0.28,0.65,1
3,2,0.76,0.77,4
4,3,0.5,0.94,1
1,2,0.3,0.33,1
3,1,0.54,0.88,1
1,1,0.46,0.31,3
4,1,0.62,0.53,6
2,1,0.48,0.63,3
3,3,0.62,0.94,1
3,1,0.66,0.89,2
1,1,0.2,0.59,1
2,1,0.52,0.83,3
3,1,0.74,0.79,3
1,1,0.22,0.8,2
2,1,0.18,0.55,1
3,1,0.74,0.7,4
3,2,0.74,0.7,3
1,1,0.34,0.39,3
4,2,0.5,0.94,1
2,1,0.42,0.62,1
4,1,0.52,0.55,2
2,2,0.6,0.83,5
4,3,0.32,0.66,1
2,1,0.66,0.83,1
1,1,0.16,0.74,1
2,1,0.66,0.74,4
4,3,0.54,1,1
2,2,0.66,0.83,4
1,1,0.2,0.4,1
1,2,0.2,0.75,1
2,2,0.5,0.77,3
3,1,0.66,0.83,2
1,1,0.4,0.54,2
2,1,0.34,0.29,3
3,1,0.64,0.69,1
1,3,0.14,0.86,1
4,1,0.5,0.82,1
4,1,0.34,0.66,1
3,1,0.72,0.66,2
1,1,0.22,0.55,2
3,2,0.82,0.56,2
3,1,0.66,0.78,1
1,3,0.18,0.93,1
3,2,0.62,1,1
1,1,0.26,0.3,1
1,1,0.36,0.71,1
2,1,0.8,0.21,2
4,2,0.3,0.75,1
2,3,0.56,0.88,1
2,1,0.64,0.73,4
1,2,0.3,0.45,1
4,1,0.52,0.68,3
4,1,0.44,0.47,2
2,2,0.56,0.88,2
2,1,0.5,0.51,2
1,1,0.26,0.7,1
1,2,0.22,0.87,1
1,1,0.3,0.56,1
1,1,0.18,0.64,2
2,1,0.46,0.88,1
1,1,0.32,0.45,1
3,2,0.76,0.7,3
4,3,0.4,1,1
2,2,0.54,0.94,3
3,2,0.72,0.74,2
3,1,0.82,0.46,6
4,1,0.36,0.46,4
3,2,0.64,0.94,1
4,1,0.56,0.64,7
1,3,0.4,0,1
3,1,0.66,0.89,1
4,1,0.34,0.49,2
2,1,0.7,0.24,4
3,2,0.6,0.88,1
4,1,0.52,0.45,2
1,2,0.2,0.59,1
4,1,0.22,0.87,1
2,1,0.6,0.73,1
1,1,0.14,0.74,1
1,2,0.36,0.62,3
4,1,0.36,0.46,2
3,1,0.46,0.72,1
4,1,0.4,0.66,3
1,2,0.32,0.57,1
2,1,0.54,0.45,3
1,2,0.14,0.74,2
4,2,0.52,0.68,3
1,1,0.14,0.69,2
4,1,0.38,0.46,2
3,1,0.72,0.7,4
1,2,0.24,0.56,1
3,1,0.66,0.83,1
1,1,0.14,0.86,1
2,1,0.34,0.34,2
4,1,0.28,0.75,1
4,1,0.34,0.87,1
4,1,0.3,0.81,2
3,1,0.82,0.28,4
1,1,0.3,0.65,1
2,1,0.68,0.69,1
2,2,0.34,0.53,2
3,2,0.62,1,1
2,1,0.74,0.7,2
1,1,0.4,0.66,2
1,1,0.28,0.41,1
2,3,0.52,0.94,1
1,1,0.26,0.75,2
2,1,0.9,0.39,2
2,1,0.36,0.66,1
3,2,0.54,0.81,2
1,2,0.42,0.82,1
2,1,0.44,0.72,1
1,1,0.12,0.3,1
4,1,0.66,0.61,2
2,3,0.4,0.94,1
2,1,0.74,0.51,2
4,3,0.46,1,2
1,2,0.32,0.7,1
1,2,0.14,0.63,1
3,2,0.7,0.79,2
4,1,0.38,0.46,3
3,1,0.82,0.28,6
1,1,0.14,0.28,2
2,3,0.76,0.4,5
4,1,0.34,0.46,3
4,1,0.36,0.57,1
1,1,0.32,0.57,2
3,1,0.78,0.52,2
4,1,0.26,0.52,1
1,2,0.3,1,1
3,1,0.62,0.83,2
4,3,0.6,1,1
1,1,0.26,0.6,1
4,2,0.38,0.87,2
2,1,0.8,0.38,4
1,1,0.26,0.56,1
2,2,0.38,0.87,1
3,2,0.76,0.7,3
1,2,0.48,0.82,1
3,1,0.84,0.41,2
4,1,0.32,0.57,1
3,1,0.7,0.74,3
3,1,0.76,0.66,5
1,3,0.32,1,1
3,1,0.78,0.52,3
4,1,0.28,0.81,1
2,3,0.34,0.76,1
3,2,0.64,0.89,1
1,2,0.32,0.7,1
4,2,0.62,0.88,2
1,2,0.14,0.63,1
2,2,0.44,0.54,2
3,1,0.66,0.5,3
2,2,0.56,0.68,1
4,1,0.28,0.45,2
3,1,0.9,0.39,3
3,1,0.74,0.51,2
2,2,0.74,0.27,2
1,2,0.3,0.7,1
2,1,0.28,0.7,1
2,2,0.6,0.94,1
4,2,0.44,0.62,3
3,1,0.84,0.44,2
3,1,0.58,0.78,1
2,1,0.46,0.41,1
3,1,0.62,0.73,1
3,2,0.76,0.7,1
1,2,0.46,0.94,1
3,1,0.56,0.83,1
4,1,0.2,0.75,4
1,1,0.4,0.16,1
2,1,0.56,0.88,1
4,1,0.3,0.87,1
4,1,0.58,0.6,2
4,3,0.22,0.93,1
4,1,0.66,0.74,5
1,1,0.36,0.5,2
3,1,0.8,0.38,3
4,2,0.52,0.83,2
2,1,0.4,0.71,2
1,2,0.28,0.52,2
3,1,0.8,0.49,4
2,2,0.56,0.4,3
4,3,0.44,1,1
3,1,0.66,0.69,3
3,1,0.74,0.58,5
3,2,0.7,0.74,3
3,1,0.74,0.62,3
3,2,0.8,0.66,3
4,1,0.18,0.8,1
4,1,0.28,0.81,1
1,1,0.1,0.54,1
4,3,0.56,1,2
4,1,0.6,0.53,3
1,1,0.32,0.53,1
1,1,0.3,0.52,1
3,1,0.56,0.88,1
1,1,0.26,1,1
1,1,0.42,0.44,1
4,1,0.26,0.81,1
4,3,0.3,0.81,1
3,1,0.7,0.58,2
2,1,0.48,0.51,2
1,2,0.22,0.6,1
1,2,0.38,0.62,1
1,3,0.22,1,1
2,1,0.82,0.59,4
4,1,0.4,0.87,1
3,2,0.82,0.59,3
1,1,0.28,0.56,2
1,1,0.2,0.47,2
1,1,0.36,0.71,2
2,1,0.42,0.77,1
2,1,0.66,0.31,4
4,1,0.5,0.42,2
2,1,0.42,0.67,1
1,1,0.46,0.41,3
3,2,0.66,0.65,1
2,3,0.24,0.93,1
4,2,0.36,0.81,3
1,1,0.2,0.32,3
4,1,0.28,0.36,2
1,3,0.2,1,1
1,1,0.26,0.3,1
2,1,0.54,0.6,3
4,2,0.54,0.64,2
3,1,0.94,0.38,3
3,2,0.6,0.88,1
4,2,0.48,0.48,3
4,1,0.24,0.65,1
2,3,0.66,0.69,3
3,1,0.6,0.6,1
3,1,0.7,0.79,2
4,1,0.62,0.94,2
4,1,0.24,0.7,1
4,2,0.6,0.78,2
2,1,0.5,0.82,1
3,1,0.76,0.55,1
1,1,0.14,0.63,1
2,1,0.5,0.88,2
4,1,0.4,0.62,1
4,1,0.52,0.83,1
4,2,0.38,0.4,3
2,3,0.34,0.87,2
2,1,0.6,0.6,1
3,2,0.6,0.88,2
2,3,0.44,0.94,1
4,1,0.42,0.71,1
1,2,0.46,0.88,1
3,1,0.72,0.66,1
2,2,0.56,0.83,2
2,1,0.42,0.44,1
1,1,0.14,0.5,1
3,2,0.68,0.89,2
1,1,0.26,0.65,1
4,1,0.28,0.45,3
4,3,0.46,0.94,1
1,1,0.68,0.39,4
3,1,0.64,0.44,3
2,2,0.4,0.94,1
3,1,0.72,0.74,3
3,1,0.8,0.59,2
3,1,0.74,0.55,4
4,1,0.54,0.64,3
4,1,0.4,0.62,3
1,1,0.22,0.69,1
1,1,0.16,0.64,1
3,1,0.64,0.73,1
4,1,0.34,0.81,1
4,1,0.32,0.42,2
3,1,0.7,0.79,2
4,3,0.6,0.83,2
1,1,0.12,0.68,1
2,3,0.42,0.88,1
1,2,0.4,0.87,1
2,2,0.6,0.53,4
2,1,0.78,0.46,6
1,1,0.28,0.48,1
3,1,0.84,0.34,2
2,3,0.5,0.94,1
3,3,0.64,0.94,1
2,1,0.74,0.42,2
4,1,0.32,0.87,1
2,2,0.4,0.66,2
4,2,0.4,0.76,2
4,1,0.52,0.83,1
3,1,0.8,0.41,2
4,3,0.46,1,1
2,2,0.46,0.67,3
2,1,0.56,0.6,5
1,2,0.24,0.65,1
2,1,0.6,0.38,4
4,1,0.3,0.61,1
3,1,0.84,0.28,2
4,1,0.5,0.94,1
2,1,0.5,0.42,1
2,1,0.6,0.73,1
1,1,0.42,0.62,1
4,1,0.42,0.41,2
4,1,0.44,0.88,1
2,2,0.48,0.88,2
3,2,0.76,0.62,3
1,1,0.14,0.46,1
2,1,0.66,0.69,2
2,2,0.32,0.87,3
4,1,0.32,0.39,4
3,1,0.58,0.88,2
1,1,0.22,0.44,1
2,2,0.54,0.88,1
1,1,0.44,0.72,2
4,1,0.5,0.48,2
2,1,0.6,0.56,5
2,1,0.22,0.44,1
4,3,0.62,1,2
3,3,0.62,0.83,1
4,1,0.4,0.66,2
2,1,0.76,0.2,6
2,1,0.64,0.89,1
1,1,0.34,0.46,2
2,1,0.34,0.66,1
4,1,0.38,0.87,1
1,2,0.2,0.55,1
3,1,0.94,0.38,2
3,1,0.68,0.69,2
3,1,0.66,0.89,1
4,1,0.42,0.82,4
1,1,0.46,0.63,3
3,1,0.6,0.6,1
2,3,0.24,0.93,1
2,1,0.74,0.56,4
2,2,0.34,0.46,1
2,1,0.8,0.55,4
4,1,0.56,0.73,3
2,3,0.24,0.93,1
3,2,0.54,0.88,1
4,2,0.32,0.57,2
3,2,0.54,1,2
4,1,0.5,0.45,3
2,2,0.38,0.87,1
4,1,0.2,0.8,1
2,1,0.66,0.61,3
2,1,0.64,0.73,3
4,1,0.64,0.89,2
2,2,0.56,0.83,2
3,1,0.68,0.79,1
3,1,0.72,0.74,1
4,2,0.42,1,1
1,1,0.28,0.65,2
2,3,0.54,0.94,1
3,1,0.8,0.36,3
2,2,0.26,0.44,1
4,1,0.34,0.61,1
2,1,0.62,0.61,3
1,2,0.22,0.82,2
1,2,0.04,0.57,1
4,1,0.48,0.36,1
1,2,0.5,0.82,1
3,1,0.54,0.6,2
4,1,0.36,0.53,1
3,1,0.84,0.32,4
4,2,0.52,0.88,1
1,1,0.2,0.27,1
2,2,0.52,0.55,2
4,2,0.52,0.83,1
2,2,0.6,0.38,3
2,2,0.3,0.39,1
1,1,0.16,0.59,3
1,1,0.24,0.6,1
4,2,0.52,0.77,1
1,1,0.2,0.4,2
3,3,0.7,0.79,2
1,1,0.24,0.65,1
1,2,0.22,1,1
1,1,0.24,0.48,1
1,1,0.16,0.43,1
2,1,0.4,1,1
2,2,0.74,0.58,4
4,1,0.28,0.75,1
2,1,0.74,0.58,2
1,2,0.16,0.86,1
3,1,0.86,0.47,3
1,2,0.16,0.69,1
1,2,0.16,0.69,1
3,2,0.54,1,4
4,2,0.44,0.82,2
4,1,0.64,0.83,2
3,1,0.64,0.69,1
3,2,0.7,0.39,3
3,1,0.56,0.88,2
3,2,0.52,0.72,1
2,3,0.32,0.93,1
1,1,0.18,0.55,1
4,2,0.5,0.72,4
1,1,0.18,0.55,1
2,2,0.5,0.88,2
2,2,0.4,0.58,1
1,1,0.24,0.35,2
1,1,0.44,0.38,2
4,1,0.64,0.65,2
3,1,0.7,0.79,1
3,2,0.5,0.55,3
3,1,0.74,0.35,3
4,1,0.52,0.77,3
1,2,0.36,0.76,1
1,2,0.26,0.93,1
3,1,0.7,0.7,2
1,2,0.42,0.77,3
3,1,0.6,0.78,1
2,1,0.52,0.68,2
1,1,0.32,0.49,1
4,1,0.44,0.88,1
2,1,0.6,0.35,3
3,1,0.68,0.65,2
1,1,0.34,0.81,1
1,1,0.22,0.64,1
1,2,0.16,0.47,1
3,1,0.8,0.43,3
4,3,0.48,1,1
3,3,0.62,0.83,1
1,1,0.22,0.69,1
1,1,0.26,0.7,1
4,2,0.54,0.68,4
3,1,0.68,0.51,3
1,1,0.2,0.47,2
3,1,0.72,0.42,3
2,2,0.64,0.69,4
2,3,0.32,0.93,2
1,2,0.18,0.8,1
2,1,0.52,0.88,2
3,1,0.74,0.58,2
3,1,0.64,0.69,1
2,1,0.3,0.49,1
1,1,0.16,0.4,1
2,1,0.5,0.88,1
3,1,0.8,0.49,3
4,1,0.44,0.67,5
4,1,0.58,0.94,1
1,2,0.4,0.82,2
1,2,0.6,0.53,1
4,3,0.46,1,1
4,2,0.44,0.58,2
1,1,0.44,0.16,2
4,1,0.14,0.86,3
3,1,0.8,0.63,3
3,1,0.74,0.79,1
3,1,0.72,0.62,5
1,1,0.32,0.49,1
3,1,0.8,0.66,3
4,1,0.34,0.76,1
4,1,0.26,0.7,1
1,3,0.34,0,1
4,1,0.36,0.87,1
2,1,0.78,0.46,2
2,1,0.54,0.45,2
1,1,0.5,0.25,2
3,1,0.72,0.61,4
1,1,0.14,0.5,1
3,1,0.74,0.58,2
1,2,0.2,0.37,2
1,1,0.24,0.6,1
4,1,0.38,0.37,3
4,2,0.54,0.6,4
4,2,0.46,1,4
2,2,0.5,0.72,1
3,1,0.64,0.83,2
4,1,0.6,0.88,1
3,3,0.64,0.89,1
4,1,0.3,0.61,4
1,2,0.36,0.5,2
3,1,0.64,0.5,5
4,1,0.52,0.32,4
4,3,0.54,0.94,1
4,1,0.5,0.72,1
4,3,0.44,1,2
3,3,0.68,0.79,4
3,1,0.66,0.89,1
2,1,0.56,0.64,1
4,1,0.42,0.71,5
3,1,0.58,0.68,1
4,3,0.44,1,2
2,1,0.6,0.64,3
4,2,0.48,0.88,1
1,1,0.14,0.5,1
2,1,0.46,0.94,1
1,2,0.44,0.72,1
4,1,0.52,0.48,3
3,1,0.6,0.88,1
4,2,0.54,0.28,4
4,2,0.26,0.81,1
2,1,0.92,0.4,2
1,1,0.14,0.59,1
3,1,0.68,0.79,1
4,1,0.36,0.71,1
1,1,0.36,0.66,1
2,2,0.66,0.83,5
3,1,0.42,0.71,1
3,1,0.78,0.66,1
2,2,0.34,0.87,1
3,3,0.62,0.94,1
4,1,0.66,0.74,3
4,1,0.44,0.94,1
2,1,0.62,0.73,2
4,1,0.44,0.44,3
1,1,0.28,0.7,1
1,1,0.32,0.39,1
3,1,0.6,0.49,4
1,1,0.22,0.69,1
4,3,0.42,0.67,2
2,2,0.3,0.93,1
3,1,0.6,0.6,1
4,1,0.68,0.45,3
1,1,0.4,0.58,1
4,1,0.54,0.6,3
3,1,0.72,0.62,4
1,2,0.26,0.93,1
4,1,0.26,0.81,1
1,2,0.32,0.93,1
2,1,0.72,0.54,3
1,1,0.34,0.39,1
4,3,0.54,0.7,3
1,1,0.2,0.69,1
3,1,0.66,0.61,2
3,1,0.7,0.48,2
1,2,0.24,0.75,1
1,2,0.04,0.57,1
3,1,0.82,0.43,3
2,1,0.48,0.72,4
4,2,0.46,0.72,2
4,2,0.58,1,2
4,2,0.32,0.45,3
3,1,0.72,0.58,1
1,1,0.44,0.54,1
3,1,0.74,0.7,4
3,1,0.62,0.53,1
4,1,0.2,0.75,1
3,1,0.66,0.78,1
3,1,0.78,0.55,3
4,1,0.7,0.7,6
2,1,0.7,0.65,3
4,2,0.44,0.94,1
4,3,0.44,1,1
2,3,0.6,0.56,3
3,1,0.72,0.74,3
4,1,0.26,0.48,2
3,1,0.8,0.46,4
1,1,0.22,0.41,2
1,1,0.24,0.48,1
2,3,0.26,1,2
4,1,0.32,0.53,1
1,3,0.22,0.93,1
2,1,0.6,0.46,4
3,1,0.82,0.63,1
1,1,0.36,0.62,1
1,1,0.3,0.56,1
3,2,0.52,0.67,4
3,1,0.6,0.78,1
3,1,0.56,0.73,2
1,1,0.42,0.82,2
1,1,0.26,0.81,1
2,1,0.42,0.38,1
2,1,0.7,0.79,1
3,1,0.72,0.66,2
1,1,0.36,0.62,2
3,1,0.7,0.48,2
1,1,0.28,0.41,1
1,2,0.12,0.5,1
4,1,0.3,0.26,3
4,1,0.34,0.81,1
2,1,0.72,0.54,2
2,1,0.36,0.5,1
2,2,0.54,0.64,5
4,1,0.2,0.69,4
2,1,0.62,0.88,1
1,3,0.3,0.87,1
4,1,0.24,0.75,1
3,1,0.66,0.83,1
1,2,0.28,0.75,1
4,1,0.56,0.56,2
1,1,0.2,0.47,2
1,1,0.22,0.6,1
2,2,0.64,0.69,4
4,3,0.4,0.76,2
2,1,0.72,0.28,2
4,2,0.36,0.53,1
1,1,0.28,0.48,3
4,2,0.4,0.76,1
1,2,0.36,0.66,1
1,2,0.36,0.71,1
1,1,0.32,0.87,1
3,1,0.78,0.46,3
4,2,0.7,0.74,2
1,1,0.32,0.87,1
3,1,0.66,0.5,1
2,1,0.58,0.88,1
1,1,0.34,0.53,1
3,1,0.74,0.42,4
4,3,0.56,0.94,2
1,1,0.16,0.28,1
1,1,0.34,0.39,2
4,1,0.58,0.56,4
4,1,0.24,0.35,2
4,2,0.54,0.73,3
2,3,0.2,0.69,1
1,2,0.32,0.57,1
4,1,0.3,0.49,3
1,2,0.06,0.38,1
1,1,0.26,0.33,1
2,2,0.74,0.55,4
3,1,0.72,0.34,2
2,1,0.34,0.76,1
1,1,0.46,0.67,1
1,1,0.36,0.4,1
4,1,0.3,0.61,2
1,2,0.32,0.93,1
2,1,0.82,0.52,4
3,1,0.7,0.84,2
3,1,0.64,0.94,1
3,1,0.96,0.48,2
2,2,0.64,0.47,2
3,1,0.7,0.74,1
1,1,0.44,0.41,2
3,2,0.6,1,2
4,1,0.24,0.6,1
3,2,0.54,1,1
4,1,0.7,0.74,2
3,2,0.72,0.79,1
1,2,0.32,0.45,2
3,2,0.72,0.74,2
3,1,0.86,0.44,2
4,1,0.5,0.45,4
1,1,0.32,0.7,1
3,2,0.68,0.89,1
3,3,0.68,0.65,1
3,1,0.86,0.5,3
4,3,0.44,0.94,2
4,1,0.42,0.58,3
4,1,0.6,0.94,1
3,1,0.64,0.57,1
3,1,0.8,0.46,2
3,1,0.62,0.73,1
1,2,0.32,0.87,1
3,1,0.7,0.79,1
4,1,0.24,0.75,1
4,1,0.58,0.49,6
2,1,0.8,0.55,2
3,1,0.62,0.61,1
2,2,0.54,0.88,1
4,1,0.56,0.37,2
1,1,0.24,0.44,1
3,1,0.64,0.57,2
1,1,0.22,0.75,1
4,1,0.42,0.94,1
1,2,0.36,0.66,1
1,1,0.04,0.41,1
3,1,0.72,0.42,3
1,1,0.32,0.76,1
1,1,0.16,0.8,1
2,2,0.6,0.88,2
3,1,0.74,0.62,3
3,1,0.68,0.69,2
4,1,0.22,0.8,1
1,1,0.44,0.33,1
2,2,0.52,0.59,1
1,1,0.28,0.61,2
1,1,0.2,0.51,1
1,1,0.24,0.48,1
1,1,0.22,0.47,1
4,1,0.48,0.75,1
1,1,0.3,0.56,1
2,1,0.7,0.34,4
4,1,0.24,0.75,1
1,1,0.38,0.17,1
3,2,0.76,0.55,4
4,1,0.36,0.93,2
3,1,0.66,0.47,2
3,1,0.54,0.73,2
3,1,0.66,0.69,1
2,1,0.24,0.32,1
4,1,0.32,0.93,1
4,1,0.24,0.56,1
2,1,0.52,0.36,2
1,1,0.36,0.46,1
1,1,0.32,0.61,1
3,1,0.66,0.89,4
1,2,0.38,0.82,1
1,2,0.22,0.64,1
1,1,0.22,0.8,1
3,3,0.62,0.94,1
2,1,0.5,0.34,2
2,1,0.26,0.65,2
3,1,0.66,0.74,1
3,1,0.68,0.51,3
4,1,0.4,0.62,1
2,3,0.54,0.52,3
3,1,0.7,0.54,3
2,1,0.5,0.88,1
2,1,0.5,0.45,2
2,1,0.56,0.88,4
3,1,0.74,0.51,2
2,3,0.26,0.93,2
4,1,0.26,0.65,1
1,1,0.14,0.59,1
3,1,0.74,0.33,4
2,1,0.7,0.65,3
4,1,0.6,0.88,1
4,1,0.54,0.56,3
3,1,0.74,0.58,3
2,1,0.22,0.44,1
3,2,0.68,0.89,1
2,1,0.46,0.88,1
1,2,0.44,0,2
2,1,0.62,0.5,2
3,1,0.84,0.56,2
3,1,0.94,0.51,2
1,2,0.32,0.36,1
2,1,0.42,0.82,1
4,1,0.58,0.56,3
4,1,0.28,0.61,3
2,1,0.62,0.51,6
3,1,0.68,0.65,1
2,1,0.56,0.64,1
4,2,0.54,0.77,2
4,1,0.3,0.61,2
3,1,0.8,0.46,5
2,2,0.36,0.81,3
2,1,0.7,0.58,4
1,1,0.14,0.36,1
2,1,0.54,0.64,1
2,3,0.36,0.87,1
3,2,0.76,0.75,1
3,1,0.72,0.7,6
4,1,0.56,0.6,5
3,1,0.72,0.66,2
2,2,0.58,0.56,1
4,1,0.32,0.42,4
4,3,0.3,0.87,1
1,2,0.22,0.93,1
2,2,0.6,0.73,2
4,1,0.52,0.45,2
2,1,0.56,0.88,5
1,3,0.42,0,1
3,1,0.7,0.61,3
2,1,0.68,0.61,3
2,1,0.58,0.83,4
1,2,0.28,0.45,1
4,3,0.42,0.94,3
3,1,0.86,0.47,6
2,1,0.52,0.83,3
4,1,0.46,0.44,3
2,1,0.2,0.51,1
2,3,0.5,0.88,1
2,1,0.52,0.52,2
1,3,0.44,1,2
1,1,0.12,0.5,1
1,1,0.16,0.26,1
2,1,0.6,0.38,3
1,1,0.1,0.68,1
1,2,0.14,0.5,1
2,2,0.26,0.41,1
1,1,0.28,0.65,1
4,2,0.36,0.53,2
2,3,0.32,0.93,1
2,3,0.24,0.93,1
3,1,0.68,0.79,1
3,1,0.72,0.34,6
2,1,0.46,0.88,1
3,1,0.7,0.7,2
4,2,0.36,0.57,1
4,3,0.42,0.88,2
3,1,0.68,0.57,5
2,2,0.6,0.94,1
3,1,0.56,0.88,1
4,2,0.54,1,1
1,2,0.18,0.64,1
1,1,0.48,0.12,1
4,1,0.36,0.66,2
4,1,0.48,0.88,1
1,1,0.16,0.4,1
2,1,0.54,0.56,2
4,2,0.54,0.68,1
4,3,0.4,0.94,1
1,1,0.32,0.53,1
3,1,0.86,0.63,3
3,1,0.7,0.74,5
3,1,0.64,0.78,1
4,1,0.28,0.75,1
4,1,0.44,0.54,6
3,1,0.74,0.37,2
2,1,0.6,0.43,2
3,1,0.68,0.47,2
4,1,0.34,0.76,3
2,2,0.44,0.54,2
1,1,0.2,0.34,1
2,2,0.54,0.68,2
1,1,0.32,0.57,1
3,1,0.76,0.31,4
1,1,0.22,0.37,1
3,1,0.72,0.54,2
3,1,0.66,0.69,1
3,1,0.74,0.51,2
3,3,0.66,0.83,1
4,1,0.52,0.48,3
1,1,0.38,0.4,2
2,3,0.64,0.5,6
3,1,0.76,0.45,5
4,1,0.26,0.65,1
3,1,0.7,0.79,1
4,1,0.52,0.63,4
3,3,0.62,0.94,2
2,3,0.34,0.76,1
4,1,0.38,0.66,1
1,1,0.42,0.54,1
4,2,0.4,0.87,1
3,1,0.78,0.43,3
3,1,0.74,0.7,1
4,2,0.44,1,1
3,1,0.7,0.61,2
2,1,0.6,0.88,1
1,2,0.16,0.93,1
2,1,0.58,0.4,6
2,1,0.56,0.88,1
4,1,0.62,0.35,5
1,1,0.1,0.42,2
2,1,0.58,0.6,2
4,1,0.48,0.33,2
4,1,0.54,0.6,5
3,1,0.62,0.53,1
4,1,0.42,0.82,1
3,2,0.74,0.7,2
4,3,0.54,0.94,2
3,1,0.7,0.7,1
1,1,0.24,0.48,1
3,1,0.7,0.65,2
3,3,0.64,0.73,1
2,2,0.3,0.93,1
3,1,0.78,0.43,5
1,1,0.22,0.64,1
3,2,0.62,0.94,1
4,1,0.26,0.87,1
2,1,0.72,0.54,3
4,2,0.62,0.83,4
4,2,0.52,0.68,3
1,2,0.24,0.85,1
2,2,0.52,0.84,2
3,1,0.74,0.55,5
4,1,0.2,0.75,1
1,1,0.26,0.6,1
4,1,0.4,0.76,4
4,1,0.22,0.44,3
4,1,0.48,0.51,4
1,1,0.26,0.41,1
3,1,0.76,0.58,2
2,1,0.6,0.43,5
4,1,0.46,0.44,2
1,2,0.36,0.46,1
1,1,0.12,0.42,2
1,1,0.14,0.63,1
4,1,0.44,0.72,1
1,1,0.24,0.7,1
3,1,0.7,0.42,5
4,3,0.26,0.87,1
3,2,0.66,0.78,2
4,1,0.44,0.88,1
3,1,0.66,0.83,1
4,1,0.44,0.88,1
2,3,0.52,0.83,1
4,1,0.28,0.41,2
4,3,0.52,0.94,2
1,1,0.2,0.86,1
4,1,0.42,0.88,1
3,3,0.8,0.49,4
3,1,0.86,0.36,6
4,2,0.42,0.58,2
2,2,0.64,0.33,2
2,1,0.62,0.5,1
4,1,0.5,0.63,2
1,1,0.2,0.69,2
4,1,0.5,0.77,2
2,2,0.56,0.83,5
2,3,0.56,0.88,1
2,3,0.6,0.35,4
3,1,0.62,0.73,1
2,1,0.78,0.46,2
2,1,0.52,0.52,4
4,1,0.46,0.72,4
3,1,0.74,0.4,2
1,2,0.5,0.94,2
2,1,0.36,0.21,3
1,2,0.32,0.57,1
1,3,0.44,1,1
4,1,0.54,0.49,2
2,1,0.66,0.69,2
4,2,0.46,0.87,1
2,2,0.82,0.41,2
1,3,0.22,0.69,1
1,1,0.52,0.39,3
3,1,0.8,0.33,4
3,1,0.74,0.79,1
3,1,0.76,0.45,6
4,1,0.44,0.62,6
1,2,0.18,0.43,1
4,2,0.48,0.88,2
2,2,0.32,0.57,1
3,1,0.76,0.58,4
3,1,0.7,0.42,2
2,2,0.68,0.61,2
4,1,0.32,0.33,2
2,1,0.64,0.73,5
3,1,0.86,0.67,3
3,1,0.64,0.89,1
2,1,0.58,0.43,3
4,1,0.42,0.67,2
2,1,0.64,0.41,3
1,1,0.26,0.44,1
1,1,0.22,0.69,1
1,1,0.3,0.65,2
2,1,0.44,0.82,1
1,1,0.24,0.75,2
4,1,0.44,0.72,2
3,1,0.74,0.51,4
1,1,0.16,0.37,2
3,1,0.68,0.65,4
2,1,0.6,0.88,1
3,2,0.6,0.83,3
2,1,0.7,0.61,2
3,1,0.72,0.7,4
4,1,0.44,0.88,1
3,3,0.62,0.83,1
1,1,0.1,0.54,1
2,1,0.24,0.35,3
3,1,0.82,0.41,4
3,1,0.56,0.52,1
1,2,0.36,0.23,1
2,2,0.44,0.67,2
4,1,0.56,0.68,6
3,1,0.64,0.78,1
3,1,0.76,0.66,4
2,1,0.56,0.3,4
2,1,0.68,0.69,1
2,1,0.7,0.58,1
2,2,0.52,1,1
3,1,0.7,0.54,1
1,2,0.32,0.45,2
1,1,0.58,0.19,2
4,2,0.42,0.94,3
2,3,0.54,0.88,2
2,1,0.62,0.88,1
2,2,0.32,0.45,2
3,1,0.7,0.79,1
2,1,0.66,0.74,2
1,2,0.28,0.61,1
3,1,0.66,0.83,5
2,2,0.26,0.93,1
2,1,0.52,0.42,3
3,1,0.72,0.32,5
3,1,0.8,0.26,3
3,3,0.64,0.89,1
3,2,0.52,0.72,3
3,1,0.82,0.21,4
2,1,0.6,0.31,2
4,1,0.58,0.94,1
2,2,0.62,0.69,2
4,1,0.62,0.5,3
4,2,0.42,0.67,2
2,1,0.66,0.39,3
1,1,0.26,0.7,1
2,3,0.36,0.71,1
3,1,0.82,0.59,2
1,1,0.46,0.15,2
4,1,0.36,0.53,3
4,1,0.32,0.87,1
2,2,0.82,0.59,2
4,1,0.4,0.82,1
3,1,0.62,0.94,2
2,1,0.38,0.54,2
4,2,0.7,0.48,4
1,1,0.38,0.4,2
3,1,0.64,0.57,1
2,1,0.82,0.46,5
1,3,0.16,0.86,1
3,2,0.74,0.7,5
2,2,0.52,0.94,4
3,1,0.8,0.63,2
3,1,0.56,0.94,3
2,3,0.34,0.76,2
3,1,0.7,0.79,6
2,2,0.74,0.58,2
3,2,0.6,0.88,1
1,2,0.16,0.59,1
4,1,0.3,0.75,1
3,2,0.64,0.94,1
4,1,0.44,0.77,3
3,3,0.68,0.83,2
1,1,0.1,0.54,1
1,1,0.42,0.54,2
2,1,0.68,0.61,6
2,1,0.64,0.78,1
3,2,0.56,0.94,2
3,2,0.6,1,4
3,1,0.42,0.67,1
1,1,0.42,0.47,3
4,1,0.38,0.5,2
4,2,0.34,0.66,5
4,1,0.56,0.63,3
1,2,0.46,0.63,3
3,2,0.7,0.74,2
2,1,0.54,1,1
3,2,0.7,0.79,2
4,1,0.42,0.67,1
1,1,0.22,0.75,1
4,3,0.48,0.82,3
4,3,0.52,0.83,1
3,1,0.94,0.38,3
2,2,0.62,0.83,1
2,3,0.26,1,1
1,3,0.38,0,1
4,3,0.52,0.88,1
2,1,0.54,0.49,2
3,1,0.74,0.62,3
4,1,0.38,0.87,1
2,1,0.26,0.41,1
3,1,0.58,0.94,1
1,2,0.44,0.44,1
2,2,0.62,0.88,1
2,1,0.6,0.46,3
2,1,0.76,0.48,5
3,1,0.88,0.44,5
2,2,0.64,0.5,1
1,1,0.24,0.6,1
2,1,0.58,0.53,5
2,2,0.64,0.57,3
4,2,0.6,0.88,1
3,1,0.46,0.77,1
2,1,0.54,0.3,4
3,2,0.52,0.68,4
2,1,0.72,0.62,4
4,1,0.56,0.88,2
4,2,0.44,0.44,2
4,2,0.56,0.83,1
3,1,0.62,0.83,1
1,1,0.38,0.4,2
2,3,0.58,0.73,2
1,1,0.32,0.49,1
1,3,0.36,0.93,1
4,1,0.4,0.4,3
3,1,0.74,0.58,5
2,1,0.54,0.64,3
2,1,0.58,0.83,5
3,1,0.66,0.65,4
2,1,0.32,0.33,3
1,2,0.16,0.93,2
2,1,0.92,0.4,2
1,1,0.16,0.47,1
4,3,0.6,0.94,2
2,1,0.66,0.78,1
2,1,0.5,0.77,4
4,1,0.64,0.89,3
3,1,0.72,0.34,7
2,1,0.62,0.88,1
3,1,0.64,0.83,1
3,1,0.96,0.3,5
4,1,0.36,0.71,1
2,1,0.44,0.62,4
4,3,0.46,0.94,1
1,2,0.46,0.88,1
1,2,0.16,0.55,1
1,1,0.36,0.43,2
2,1,0.42,0.5,5
1,1,0.42,0.54,2
2,1,0.7,0.74,3
3,1,0.82,0.43,3
4,3,0.52,0.77,1
4,1,0.62,0.83,2
1,1,0.3,0.65,1
4,2,0.32,0.57,2
2,1,0.74,0.58,3
3,2,0.74,0.74,1
2,1,0.72,0.58,2
3,1,0.6,0.88,2
2,2,0.5,0.68,3
3,1,0.86,0.47,2
2,1,0.66,0.65,4
3,1,0.9,0.5,2
1,3,0.4,0.87,1
2,1,0.66,0.74,2
1,2,0.24,0.52,1
2,1,0.8,0.55,3
2,1,0.9,0.37,2
1,1,0.4,0.35,1
1,1,0.16,0.47,1
4,1,0.56,0.88,1
1,1,0.24,0.32,2
4,1,0.58,0.46,3
1,2,0.46,0.94,1
3,1,0.64,0.83,1
1,1,0.64,0.33,3
1,2,0.44,0.72,1
3,3,0.64,0.89,1
2,2,0.54,1,1
4,1,0.68,0.51,5
3,1,0.82,0.52,2
2,1,0.68,0.32,3
3,1,0.6,0.78,4
2,1,0.46,0.88,1
2,3,0.46,0.94,1
4,1,0.36,0.46,4
4,3,0.44,0.88,1
1,1,0.18,0.29,1
1,1,0.42,0.47,1
1,1,0.26,0.7,1
1,1,0.32,0.39,2
4,2,0.5,0.63,4
3,2,0.76,0.52,2
2,1,0.52,0.83,1
1,1,0.36,0.71,1
1,2,0.46,0.59,4
3,1,0.76,0.48,2
2,1,0.62,0.69,6
2,1,0.6,0.35,5
1,1,0.04,0.57,1
3,1,0.7,0.84,2
3,1,0.72,0.39,2
3,1,0.54,0.73,1
3,1,0.74,0.74,5
1,1,0.26,0.87,1
3,1,0.72,0.51,6
1,2,0.14,0.63,1
3,1,0.66,0.83,1
3,2,0.74,0.66,2
4,1,0.46,0.88,1
4,3,0.62,0.94,2
4,2,0.34,0.39,2
4,2,0.36,0.81,1
4,1,0.3,0.61,1
1,2,0.14,0.43,1
3,1,0.64,0.83,3
2,2,0.4,0.76,2
2,1,0.46,0.88,1
4,1,0.22,0.8,1
3,1,0.6,0.88,3
1,3,0.14,0.86,1
4,1,0.22,0.75,1
1,1,0.22,0.69,1
3,1,0.64,0.78,2
2,2,0.56,0.83,1
3,1,0.74,0.66,4
4,1,0.54,0.39,4
2,1,0.68,0.51,3
2,3,0.54,0.68,2
3,2,0.6,0.94,1
1,1,0.12,0.5,1
1,2,0.3,1,1
3,1,0.7,0.58,5
4,1,0.26,0.52,1
3,2,0.68,0.69,1
3,1,0.92,0.37,4
4,3,0.4,0.94,1
4,3,0.4,0.76,2
3,1,0.92,0.16,4
4,1,0.62,0.83,3
4,1,0.36,0.57,1
3,1,0.7,0.84,2
3,1,0.62,0.57,5
2,1,0.42,0.58,2
4,1,0.58,0.53,2
1,1,0.36,0.27,2
4,1,0.44,0.72,1
4,1,0.52,0.59,2
2,2,0.38,0.82,2
3,3,0.64,0.89,1
1,2,0.24,0.93,1
1,1,0.4,0.28,2
1,1,0.16,0.5,1
1,1,0.3,0.28,2
4,1,0.3,0.61,2
4,1,0.48,0.82,1
4,3,0.38,1,1
3,1,0.64,0.69,1
2,1,0.44,1,1
3,1,0.62,0.73,3
1,2,0.28,0.87,1
1,1,0.26,0.65,1
3,3,0.64,0.94,2
3,1,0.8,0.49,4
3,2,0.58,0.6,2
3,2,0.6,0.6,2
3,1,0.86,0.47,4
1,1,0.3,0.7,1
4,1,0.32,0.81,1
3,1,0.76,0.52,3
3,3,0.8,0.46,5
2,1,0.82,0.46,2
4,1,0.44,0.44,4
3,1,0.58,0.78,1
3,1,0.7,0.74,3
4,2,0.64,0.89,5
1,2,0.42,0.26,1
3,1,0.6,0.64,1
1,2,0.24,0.75,2
3,1,0.8,0.31,2
3,1,0.74,0.74,3
3,1,0.84,0.36,3
3,2,0.54,0.88,1
4,1,0.4,0.82,1
3,1,0.76,0.48,3
2,1,0.74,0.58,5
4,1,0.52,0.29,4
3,1,0.64,0.38,3
2,1,0.32,0.22,1
4,2,0.48,0.94,1
2,3,0.54,0.94,1
1,2,0.48,0.59,3
2,1,0.52,0.72,2
2,1,0.46,0.67,2
3,1,0.88,0.22,4
4,2,0.44,0.54,2
3,1,0.74,0.58,1
1,1,0.2,0.64,1
4,1,0.42,0.54,5
1,1,0.22,0.47,1
2,2,0.54,0.64,2
3,1,0.76,0.45,5
2,2,0.56,0.78,1
4,1,0.28,0.45,3
2,1,0.62,0.88,1
3,1,0.8,0.26,4
4,2,0.5,0.55,2
1,1,0.2,0.47,1
1,2,0.56,0.64,1
3,1,0.66,0.65,1
1,1,0.26,0.65,1
1,1,0.18,0.74,1
1,3,0.18,0.55,1
4,1,0.56,0.52,4
2,1,0.76,0.55,5
1,2,0.02,0.48,1
1,2,0.68,0.39,2
4,1,0.32,0.57,3
4,2,0.38,0.94,1
3,1,0.76,0.4,4
1,2,0.4,0.87,1
1,1,0.32,0.26,1
4,3,0.44,0.94,2
1,1,0.2,0.75,1
3,1,0.74,0.58,3
4,1,0.54,0.77,3
2,1,0.6,0.49,4
1,2,0.22,0.64,2
2,2,0.32,0.93,2
1,2,0.42,0.26,1
1,2,0.34,0.49,2
3,1,0.64,0.73,2
1,1,0.4,0.5,2
2,1,0.68,0.57,5
1,1,0.4,0.62,2
2,1,0.76,0.55,4
2,1,0.3,0.39,2
3,1,0.76,0.55,4
4,2,0.58,0.94,1
1,1,0.28,0.38,1
4,1,0.48,0.55,2
2,2,0.44,0.77,1
2,1,0.58,0.83,3
4,1,0.44,0.67,3
2,3,0.28,0.87,1
4,1,0.56,0.94,1
2,2,0.42,0.54,1
4,3,0.26,0.93,1
2,1,0.64,0.94,1
2,2,0.3,0.7,1
1,1,0.44,0.94,1
1,1,0.52,0.77,1
1,2,0.16,0.86,1
2,1,0.64,0.41,2
1,1,0.22,0.44,1
2,3,0.62,0.83,1
2,1,0.76,0.58,4
1,3,0.44,0.88,1
4,3,0.44,1,1
1,2,0.3,0.52,1
2,1,0.6,0.78,2
1,1,0.26,0.6,1
4,1,0.4,0.82,1
2,3,0.34,0.66,2
3,1,0.7,0.48,2
2,1,0.84,0.44,3
4,1,0.54,0.39,5
1,1,0.12,0.93,1
4,1,0.32,0.7,1
4,2,0.5,0.88,1
2,1,0.38,0.66,2
3,1,0.68,0.79,1
2,2,0.4,0.82,1
1,1,0.24,0.38,1
4,3,0.46,0.94,1
4,1,0.22,0.55,1
3,2,0.52,0.48,6
2,2,0.74,0.3,4
4,1,0.44,0.82,2
1,1,0.14,0.74,3
1,1,0.4,0.32,1
3,1,0.78,0.62,2
3,1,0.66,0.83,1
4,2,0.36,0.87,2
2,1,0.62,0.73,2
2,3,0.62,0.83,2
3,1,0.7,0.79,1
4,1,0.26,0.65,1
2,1,0.66,0.78,1
1,2,0.32,0.76,1
3,1,0.66,0.78,1
3,2,0.68,0.79,1
1,3,0.44,0,1
3,1,0.62,0.83,1
4,2,0.6,0.69,3
4,1,0.56,0.46,2
3,1,0.74,0.66,3
2,1,0.64,0.47,3
3,1,0.7,0.3,5
3,2,0.64,0.73,3
4,3,0.34,0.87,1
3,2,0.72,0.74,3
3,1,0.68,0.69,2
3,2,0.66,0.69,3
3,1,0.62,0.78,1
2,2,0.76,0.55,3
3,1,0.76,0.48,2
4,2,0.6,0.88,2
1,2,0.18,0.64,1
3,1,0.82,0.3,5
4,2,0.42,0.67,1
2,3,0.32,0.76,2
4,1,0.32,0.45,1
3,2,0.7,0.74,1
2,1,0.26,0.65,1
2,1,0.46,0.82,1
2,1,0.5,1,1
2,3,0.72,0.7,5
1,3,0.3,0.81,2
2,1,0.82,0.49,4
3,1,0.6,0.78,1
2,2,0.72,0.58,4
4,1,0.3,0.7,1
4,1,0.28,0.75,3
2,1,0.74,0.66,2
1,2,0.48,0.59,2
2,2,0.42,0.47,2
1,1,0.32,0.61,2
1,1,0.22,0.44,1
3,3,0.6,0.88,2
2,1,0.42,0.82,1
4,1,0.36,0.5,4
2,1,0.32,0.22,2
2,1,0.62,0.41,2
4,2,0.66,0.78,4
2,3,0.38,0.82,3
3,2,0.66,0.83,3
2,2,0.62,0.94,1
4,1,0.4,0.76,1
2,3,0.48,1,1
2,1,0.7,0.32,5
1,1,0.28,0.56,1
4,3,0.54,0.88,2
4,1,0.56,0.73,3
2,2,0.68,0.89,1
1,1,0.3,0.33,1
2,2,0.58,0.94,2
1,1,0.24,0.52,1
1,1,0.22,0.37,1
4,1,0.62,0.53,5
1,2,0.2,0.86,1
1,1,0.64,0.41,2
1,1,0.2,0.86,1
3,1,0.8,0.43,3
3,1,0.7,0.61,2
2,1,0.72,0.62,4
1,1,0.44,0.16,2
1,2,0.36,0.5,3
3,3,0.64,0.89,1
1,2,0.32,0.66,1
1,1,0.34,0.61,2
3,1,0.74,0.7,3
4,1,0.32,0.66,2
1,2,0.3,0.81,1
1,1,0.34,0.66,1
2,2,0.54,0.94,1
1,1,0.12,0.74,1
4,1,0.56,0.54,1
1,3,0.36,0,1
1,1,0.3,0.52,1
2,2,0.28,0.41,1
4,1,0.46,0.63,3
2,1,0.38,0.46,1
4,2,0.38,0.82,2
3,2,0.7,0.79,4
4,1,0.28,0.45,2
2,3,0.18,0.74,1
4,1,0.42,0.71,2
2,1,0.44,0.88,1
1,2,0.44,0.67,2
1,1,0.14,0.63,1
3,1,0.8,0.29,2
4,3,0.28,0.87,1
3,1,0.64,0.83,1
2,3,0.24,0.93,1
2,2,0.44,0.62,4
2,1,0.7,0.37,2
4,1,0.52,0.48,2
4,2,0.32,0.45,2
1,2,0.36,0.57,1
4,2,0.4,0.82,4
3,1,0.62,0.41,1
1,2,0.3,0.64,1
2,1,0.62,0.88,1
2,1,0.6,0.28,4
2,1,0.64,0.73,3
4,3,0.42,0.77,1
2,2,0.4,0.87,1
3,1,0.74,0.58,4
1,1,0.1,0.49,1
3,2,0.68,0.44,3
3,1,0.66,0.74,1
4,1,0.48,0.77,3
3,3,0.62,0.73,1
2,1,0.6,0.49,3
1,2,0.28,0.93,1
4,2,0.54,0.88,2
1,1,0.2,0.86,1
1,1,0.38,0.4,1
4,2,0.5,0.63,2
1,1,0.16,0.69,1
1,1,0.42,0.67,2
2,1,0.56,0.43,2
1,2,0.36,0.53,3
4,2,0.4,0.76,2
3,1,0.7,0.54,4
4,2,0.4,0.71,2
3,3,0.66,0.89,2
4,1,0.36,0.66,3
1,1,0.4,0.35,1
2,1,0.58,0.64,4
3,3,0.62,0.94,1
1,1,0.28,0.7,3
1,2,0.32,0.66,1
2,2,0.76,0.52,2
2,1,0.64,0.73,2
4,1,0.44,0.67,1
3,1,0.62,0.73,1
3,2,0.74,0.62,5
3,1,0.7,0.74,2
4,1,0.42,0.54,2
3,2,0.6,0.94,1
4,1,0.26,0.6,1
1,2,0.36,0.87,1
2,1,0.68,0.69,2
4,2,0.48,0.94,1
3,1,0.94,0.51,2
3,3,0.64,0.89,1
1,1,0.38,0.5,2
3,1,0.78,0.29,6
3,2,0.6,0.83,1
1,1,0.26,0.7,1
3,1,0.72,0.7,4
4,2,0.54,0.68,3
2,1,0.7,0.65,3
4,2,0.44,0.54,4
4,3,0.42,0.88,1
3,3,0.56,0.94,1
4,2,0.6,0.73,4
4,1,0.26,0.38,2
3,1,0.68,0.83,1
2,2,0.4,0.76,2
3,1,0.54,0.56,1
1,1,0.22,0.47,1
4,1,0.38,0.66,5
4,2,0.6,0.94,1
3,3,0.66,0.94,1
1,2,0.36,0.66,1
1,1,0.18,0.64,2
1,1,0.36,0.4,3
3,1,0.8,0.49,4
1,1,0.5,0.48,2
4,2,0.4,0.62,4
4,1,0.26,0.7,2
4,2,0.52,0.77,1
1,1,0.16,0.4,1
2,1,0.34,0.49,2
1,1,0.2,0.86,1
1,1,0.2,0.64,1
2,2,0.3,0.7,1
4,1,0.46,0.77,1
4,1,0.38,0.37,3
2,1,0.36,0.62,1
1,1,0.32,0.39,2
4,1,0.26,0.87,1
2,1,0.52,1,1
3,1,0.76,0.62,3
2,1,0.82,0.52,2
3,1,0.68,0.83,2
2,2,0.6,0.94,1
4,1,0.3,0.81,3
1,2,0.22,0.87,1
1,1,0.18,0.74,1
4,2,0.62,0.83,1
3,1,0.7,0.7,1
4,1,0.52,0.77,2
2,2,0.54,0.49,2
2,3,0.26,0.93,2
3,1,0.76,0.55,4
2,1,0.62,0.78,1
2,2,0.7,0.3,1
3,1,0.7,0.65,3
2,2,0.44,0.54,2
1,2,0.42,0.82,1
3,2,0.64,0.89,2
3,1,0.7,0.84,2
2,2,0.72,0.84,1
4,1,0.42,0.58,4
2,2,0.32,0.93,1
1,1,0.44,0.33,2
1,2,0.16,0.69,1
4,1,0.36,0.53,1
1,1,0.6,0.31,1
4,1,0.62,0.83,2
2,2,0.44,0.94,1
3,2,0.62,0.78,2
3,1,0.86,0.5,2
1,1,0.1,0.54,1
1,1,0.24,0.41,2
4,2,0.36,0.76,1
1,1,0.32,0.21,1
4,1,0.52,0.83,2
3,1,0.62,0.73,1
2,2,0.46,0.51,1
1,2,0.34,0.42,1
2,1,0.9,0.37,2
3,1,0.84,0.41,4
2,1,0.46,0.94,1
1,2,0.28,0.87,1
1,1,0.42,0.14,1
3,2,0.8,0.49,2
2,2,0.56,0.94,1
4,1,0.32,0.53,3
4,1,0.2,0.69,1
4,3,0.6,0.94,1
3,1,0.74,0.55,5
4,1,0.46,0.51,2
3,1,0.84,0.53,5
1,1,0.4,0.54,2
1,2,0.24,0.7,1
3,1,0.9,0.42,2
4,1,0.26,0.81,1
2,1,0.48,0.44,4
3,1,0.72,0.84,2
1,2,0.34,0.93,1
3,1,0.8,0.46,4
1,1,0.14,0.54,3
4,1,0.42,0.71,1
4,1,0.52,0.83,1
3,1,0.76,0.55,3
3,2,0.8,0.59,6
4,1,0.4,0.87,1
3,1,0.7,0.74,1
2,2,0.62,0.83,1
3,2,0.78,0.62,2
1,1,0.46,0.67,1
3,1,0.7,0.84,1
3,1,0.76,0.55,2
4,1,0.44,0.67,3
2,1,0.46,1,1
3,1,0.76,0.58,2
2,1,0.42,0.82,1
3,2,0.56,1,1
4,1,0.4,0.87,1
4,1,0.5,0.45,2
3,2,0.66,0.83,2
3,1,0.6,0.64,2
4,1,0.28,0.81,1
3,1,0.72,0.74,1
3,1,0.68,0.65,1
3,1,0.76,0.52,3
1,1,0.12,0.5,1
4,1,0.42,0.71,3
2,2,0.5,0.88,1
3,1,0.76,0.52,3
2,1,0.54,0.88,1
4,1,0.44,0.86,1
1,2,0.12,0.8,1
1,2,0.44,0.54,3
3,1,0.8,0.59,3
3,1,0.66,0.83,4
1,2,0.2,0.4,1
3,2,0.74,0.58,3
2,2,0.3,0.61,1
2,2,0.72,0.79,1
4,1,0.3,0.56,1
1,2,0.38,0.87,1
4,1,0.52,0.55,3
1,1,0.16,0.64,1
3,3,0.66,0.69,2
2,1,0.76,0.66,3
4,3,0.62,0.94,3
3,1,0.8,0.29,2
1,1,0.24,0.38,2
3,1,0.74,0.74,3
2,1,0.68,0.74,2
4,1,0.4,0.71,3
4,1,0.42,0.54,3
1,1,0.16,0.64,1
2,1,0.72,0.51,2
3,1,0.6,0.73,1
4,2,0.34,0.49,2
2,1,0.6,0.55,6
4,3,0.66,0.83,6
3,1,0.88,0.56,2
2,1,0.76,0.25,3
1,2,0.16,0.86,2
1,2,0.3,0.93,1
1,2,0.2,0.37,1
1,1,0.18,0.43,1
2,1,0.42,0.62,1
3,1,0.8,0.43,2
2,1,0.64,0.69,2
4,1,0.44,0.77,4
2,1,0.44,0.33,4
4,2,0.4,0.82,2
3,1,0.82,0.43,3
4,1,0.46,0.63,2
1,1,0.22,0.44,1
2,1,0.3,0.22,2
2,1,0.56,0.94,1
4,2,0.42,0.71,1
2,3,0.38,0.94,1
2,2,0.74,0.79,3
4,3,0.42,0.82,1
1,1,0.36,0.81,1
4,3,0.46,0.94,1
1,1,0.26,0.65,1
1,1,0.24,0.48,1
4,1,0.46,0.51,4
4,1,0.42,0.38,3
4,2,0.3,0.7,2
3,3,0.74,0.74,2
4,1,0.44,0.62,1
4,3,0.44,0.88,1
4,1,0.28,0.52,2
1,1,0.44,0.18,2
1,1,0.32,0.66,1
4,1,0.3,0.81,2
2,3,0.54,0.94,1
1,3,0.22,0.55,1
4,1,0.68,0.51,2
1,1,0.38,0.76,1
1,1,0.24,0.75,1
4,1,0.52,0.68,4
4,1,0.26,0.56,1
4,1,0.42,0.77,5
1,2,0.48,0.59,2
1,1,0.2,0.75,1
3,2,0.62,0.5,6
3,1,0.82,0.52,1
3,1,0.64,0.57,1
3,2,0.72,0.42,5
3,3,0.6,0.88,2
4,1,0.56,0.49,1
4,1,0.36,0.66,2
4,1,0.2,0.75,1
2,3,0.54,0.52,5
2,1,0.64,0.41,2
1,1,0.02,0.48,1
3,1,0.74,0.58,2
1,2,0.2,0.4,1
4,3,0.5,0.94,1
3,1,0.8,0.31,2
1,3,0.32,0.66,1
4,1,0.32,0.87,1
1,2,0.34,0.42,1
3,3,0.54,0.94,1
2,1,0.58,0.49,5
2,1,0.64,0.83,1
4,1,0.52,0.55,5
2,1,0.46,0.88,1
1,1,0.34,0.46,1
2,1,0.5,1,1
2,2,0.52,0.88,3
1,1,0.3,0.45,3
3,1,0.64,0.57,1
3,1,0.54,0.73,1
2,2,0.64,0.94,1
1,2,0.16,0.55,1
2,1,0.86,0.47,5
4,3,0.36,0.81,2
1,1,0.24,0.38,1
2,1,0.64,0.73,2
1,2,0.34,0.57,1
3,1,0.66,0.74,1
3,1,0.58,0.83,1
2,1,0.66,0.39,1
1,2,0.4,0.76,2
4,1,0.26,0.6,3
1,1,0.52,0.53,2
3,2,0.56,0.68,3
1,1,0.22,0.75,1
1,1,0.3,0.52,1
1,1,0.32,0.42,1
3,1,0.9,0.27,2
4,2,0.62,0.43,3
3,1,0.74,0.66,2
3,1,0.76,0.52,6
1,3,0.22,0.93,1
2,1,0.62,0.38,1
1,1,0.46,0.33,3
1,3,0.54,0.6,2
4,1,0.42,0.94,1
1,2,0.32,0.39,1
4,1,0.74,0.37,4
1,1,0.14,0.39,1
3,3,0.72,0.54,2
2,1,0.7,0.65,2
2,1,0.62,0.61,3
2,2,0.56,0.94,3
3,1,0.66,0.78,3
3,1,0.68,0.39,5
1,1,0.52,0.23,1
4,1,0.32,0.66,1
2,1,0.56,0.88,2
1,2,0.3,0.49,3
1,1,0.22,0.47,1
3,2,0.5,0.72,2
4,1,0.34,0.66,2
1,1,0.34,0.93,1
1,1,0.24,0.65,1
3,1,0.64,0.78,3
1,3,0.3,0.93,1
3,1,0.86,0.3,2
3,3,0.66,0.89,2
3,1,0.74,0.62,3
4,1,0.32,0.87,1
2,1,0.5,0.29,5
3,1,0.72,0.71,2
3,1,0.6,0.83,1
4,1,0.6,0.88,1
4,1,0.56,0.49,2
3,1,0.84,0.26,6
2,2,0.3,0.93,1
1,1,0.2,0.8,1
2,1,0.46,0.82,1
4,1,0.4,0.37,4
1,2,0.58,0.46,1
1,3,0.22,0.69,1
3,1,0.82,0.43,4
3,1,0.7,0.45,3
2,1,0.24,0.7,1
1,2,0.34,0.42,1
2,1,0.26,0.6,1
3,1,0.74,0.42,5
2,1,0.68,0.79,1
1,2,0.24,0.6,1
3,1,0.82,0.46,2
4,1,0.24,0.87,1
2,1,0.4,0.46,1
1,2,0.2,0.86,1
2,2,0.62,0.78,2
1,3,0.42,0.82,1
4,2,0.4,0.87,1
2,3,0.3,1,1
2,2,0.3,0.93,1
3,1,0.74,0.33,2
4,1,0.44,0.88,1
3,1,0.8,0.55,3
4,1,0.52,0.77,1
1,1,0.3,0.7,1
2,1,0.92,0.4,2
3,1,0.64,0.65,1
1,1,0.38,0.36,1
4,1,0.3,0.26,3
1,3,0.16,0.93,1
1,1,0.34,0.46,1
1,1,0.4,0.66,2
3,1,0.8,0.59,2
3,2,0.66,0.78,2
4,1,0.36,0.81,1
3,1,0.68,0.69,1
2,1,0.66,0.74,4
2,3,0.32,1,1
1,2,0.32,0.93,1
2,1,0.86,0.47,2
3,1,0.66,0.74,1
1,1,0.32,0.66,1
1,1,0.24,0.38,2
3,1,0.84,0.49,6
2,3,0.3,0.87,1
2,2,0.62,0.69,4
1,1,0.38,0.82,1
4,1,0.24,0.87,1
1,1,0.32,0.57,2
3,1,0.84,0.39,4
2,1,0.26,0.7,1
3,1,0.76,0.55,4
2,1,0.7,0.54,4
3,3,0.54,0.94,2
1,3,0.2,0.93,1
4,1,0.38,0.71,2
4,1,0.3,0.7,1
4,2,0.66,0.78,4
1,1,0.22,0.51,1
1,1,0.3,0.39,2
3,1,0.46,0.72,1
1,1,0.34,0.61,1
3,1,0.78,0.52,1
2,1,0.66,0.39,2
2,2,0.34,0.81,2
4,1,0.52,0.83,3
1,1,0.2,0.47,1
1,2,0.12,0.8,1
4,1,0.24,0.6,2
2,2,0.52,0.83,3
3,3,0.8,0.49,2
1,1,0.38,0.76,1
1,2,0.34,0.76,2
2,1,0.34,0.46,3
4,1,0.24,0.87,1
2,2,0.74,0.79,3
2,2,0.62,0.73,3
3,1,0.86,0.53,5
1,1,0.08,0.53,1
4,2,0.38,0.42,3
1,1,0.48,0.41,2
1,2,0.16,0.59,1
4,2,0.24,0.6,2
2,3,0.34,0.93,1
4,1,0.5,0.45,2
1,1,0.02,0.48,1
2,3,0.4,0.87,1
1,2,0.48,0.59,3
1,1,0.34,0.29,1
2,3,0.3,0.87,1
4,2,0.52,0.77,3
4,1,0.32,0.45,3
1,1,0.34,0.29,3
1,1,0.12,0.5,1
1,1,0.24,0.38,2
1,2,0.16,0.5,1
2,1,0.46,0.67,4
2,1,0.56,0.88,1
4,1,0.46,0.72,2
2,1,0.4,0.5,1
3,2,0.8,0.59,3
3,1,0.66,0.54,4
1,1,0.26,0.6,1
4,2,0.26,0.56,1
4,1,0.36,0.46,3
1,1,0.34,0.25,3
3,3,0.54,0.83,1
3,1,0.6,0.81,5
4,1,0.6,0.35,4
1,1,0.16,0.43,1
3,1,0.74,0.33,3
4,1,0.64,0.57,3
3,2,0.84,0.53,4
3,1,0.9,0.42,4
3,2,0.56,0.68,2
2,2,0.72,0.62,2
1,3,0.2,0.86,1
3,2,0.74,0.74,2
3,1,0.7,0.42,2
3,1,0.64,0.83,1
2,2,0.58,0.78,2
4,1,0.28,0.61,2
2,1,0.54,0.32,3
1,1,0.12,0.74,1
4,1,0.28,0.52,2
1,2,0.2,0.47,1
4,3,0.58,0.53,2
1,1,0.38,0.82,1
3,1,0.74,0.35,2
3,1,0.72,0.74,4
1,2,0.3,0.56,3
2,1,0.54,0.49,1
1,1,0.26,0.93,1
1,1,0.22,0.51,1
4,1,0.24,0.93,1
4,1,0.24,0.44,2
2,3,0.26,1,1
2,1,0.6,0.35,3
3,1,0.72,0.51,2
4,1,0.36,0.4,3
1,1,0.26,0.35,1
2,2,0.72,0.34,4
4,1,0.28,0.52,1
1,1,0.24,0.65,1
4,1,0.64,0.41,2
2,1,0.64,0.94,1
3,3,0.62,0.94,2
2,1,0.46,0.88,1
3,1,0.66,0.89,1
3,1,0.6,0.83,1
2,1,0.5,0.77,3
1,2,0.02,0.48,1
1,2,0.2,0.86,1
1,1,0.24,0.65,1
2,2,0.5,0.63,4
1,1,0.2,0.32,1
1,1,0.36,0.32,2
1,1,0.26,0.6,1
1,1,0.24,0.65,1
2,1,0.54,0.3,2
1,1,0.3,0.75,1
3,1,0.74,0.51,2
1,1,0.3,0.62,1
4,1,0.34,0.61,2
3,1,0.76,0.45,5
1,1,0.24,0.6,2
3,1,0.76,0.37,6
3,1,0.92,0.48,3
1,1,0.16,0.5,1
4,1,0.5,0.45,2
1,2,0.28,1,1
2,1,0.82,0.49,4
1,1,0.04,0.45,1
2,1,0.42,0.58,1
2,2,0.4,0.58,2
4,1,0.4,0.76,2
1,1,0.44,0.16,2
3,1,0.66,0.74,1
2,1,0.46,0.63,2
2,1,0.52,0.72,1
4,1,0.26,0.6,1
1,1,0.24,0.87,1
3,2,0.82,0.71,1
2,1,0.42,0.58,3
1,2,0.3,0.65,1
1,2,0.16,0.55,2
3,3,0.62,0.94,3
1,1,0.34,0.46,2
3,1,0.76,0.55,4
4,3,0.56,0.94,3
4,1,0.58,0.94,1
1,1,0.22,0.51,1
3,1,0.8,0.52,1
2,1,0.46,0.51,2
4,1,0.32,0.76,1
2,1,0.26,0.28,1
3,2,0.6,0.88,1
3,1,0.64,0.61,2
4,1,0.34,0.49,2
2,1,0.4,0.87,1
2,1,0.54,0.73,2
2,1,0.46,0.63,1
4,1,0.34,0.61,1
1,1,0.3,0.56,2
4,1,0.34,0.87,1
3,2,0.7,0.79,3
3,1,0.8,0.46,3
2,1,0.24,0.65,1
4,1,0.34,0.61,3
1,1,0.2,0.69,1
3,1,0.62,0.83,2
1,2,0.22,1,1
3,3,0.64,0.94,1
3,1,0.96,0.3,2
2,2,0.42,0.54,1
4,2,0.4,0.87,4
3,2,0.6,0.73,2
4,1,0.28,0.87,2
2,1,0.54,0.68,6
3,3,0.72,0.84,2
3,1,0.72,0.62,3
3,1,0.8,0.46,4
2,1,0.54,0.39,2
1,1,0.18,0.59,1
3,1,0.8,0.29,4
4,1,0.5,0.34,2
1,1,0.18,0.47,1
2,2,0.42,0.82,1
1,1,0.26,0.6,1
2,2,0.4,0.58,1
3,1,0.46,0.63,3
2,1,0.52,0.48,5
1,1,0.22,0.64,1
4,3,0.62,0.94,4
1,1,0.4,0.54,2
3,1,0.72,0.79,3
1,3,0.42,0.82,1
3,2,0.56,0.64,2
2,3,0.5,0.82,1
4,2,0.32,0.81,3
1,2,0.38,0.87,3
3,1,0.66,0.74,1
2,2,0.38,0.87,1
4,2,0.42,0.88,1
1,1,0.22,0.6,1
3,1,0.66,0.69,1
3,2,0.6,0.88,2
2,1,0.64,0.65,2
2,1,0.72,0.38,1
1,1,0.36,0.57,2
3,2,0.72,0.79,2
3,1,0.56,0.88,1
1,1,0.46,0.23,3
3,2,0.7,0.84,1
1,2,0.22,0.51,1
3,1,0.64,0.73,4
4,1,0.6,0.88,1
3,1,0.76,0.66,2
2,1,0.64,0.89,1
4,1,0.4,0.71,3
4,1,0.32,0.45,2
3,3,0.66,0.65,3
4,1,0.3,0.93,1
4,2,0.4,0.82,1
2,1,0.64,0.83,1
3,1,0.76,0.4,2
3,1,0.7,0.54,1
1,2,0.26,0.6,2
3,3,0.62,0.94,2
1,1,0.26,0.41,1
3,1,0.82,0.34,3
2,2,0.46,0.55,4
1,1,0.28,0.45,1
3,3,0.76,0.55,3
2,2,0.68,0.61,5
2,2,0.58,0.49,2
4,2,0.54,0.88,2
4,1,0.5,0.63,3
3,1,0.44,0.82,1
3,1,0.82,0.56,2
2,3,0.3,0.87,1
1,2,0.3,0.45,1
1,1,0.16,0.69,1
4,2,0.5,0.42,4
4,1,0.28,0.65,1
3,2,0.7,0.48,3
3,1,0.66,0.83,2
1,1,0.1,0.42,1
1,3,0.3,0.52,1
2,1,0.7,0.32,4
1,2,0.2,0.37,1
3,2,0.84,0.59,2
4,1,0.24,0.87,1
4,1,0.3,0.87,1
4,1,0.38,0.46,4
1,1,0.26,0.38,2
3,2,0.66,0.78,3
1,3,0.16,0.8,1
2,2,0.3,0.93,1
4,1,0.4,0.76,2
4,2,0.28,0.45,3
4,1,0.68,0.47,5
3,1,0.82,0.46,2
4,1,0.22,0.8,1
3,1,0.66,0.83,2
3,2,0.74,0.66,1
3,1,0.78,0.25,3
3,1,0.68,0.69,2
4,3,0.48,0.94,2
1,2,0.16,0.8,2
3,1,0.64,0.69,1
4,1,0.34,0.87,1
4,1,0.34,0.34,3
1,1,0.24,0.48,2
1,1,0.22,0.44,1
2,1,0.7,0.65,2
2,1,0.34,0.25,2
4,1,0.44,0.77,4
4,3,0.56,0.6,1
2,2,0.4,0.76,2
1,1,0.22,0.47,1
3,1,0.58,0.68,1
4,1,0.36,0.81,1
4,1,0.5,0.88,3
4,1,0.22,0.8,1
4,1,0.6,0.43,4
3,1,0.74,0.66,1
4,1,0.52,0.63,2
3,1,0.76,0.52,1
2,3,0.7,0.65,1
1,3,0.46,0.94,2
2,2,0.28,0.93,1
4,2,0.4,0.58,2
1,1,0.38,0.54,3
2,1,0.46,0.38,2
3,1,0.64,0.73,1
1,1,0.18,0.55,1
3,1,0.46,0.63,2
2,1,0.52,0.55,4
3,1,0.76,0.33,3
3,2,0.74,0.62,3
3,2,0.7,0.84,1
4,1,0.24,0.6,1
4,1,0.56,0.49,4
3,1,0.66,0.74,3
2,3,0.34,0.87,1
2,2,0.5,0.88,1
2,1,0.64,0.78,2
4,1,0.46,0.55,4
2,2,0.34,0.87,1
4,1,0.22,0.55,1
3,1,0.76,0.33,2
2,1,0.76,0.62,3
3,1,0.76,0.31,3
4,1,0.62,0.94,3
2,2,0.5,0.68,4
4,2,0.54,0.94,2
2,1,0.86,0.53,2
3,2,0.66,0.74,1
4,2,0.36,0.71,4
1,1,0.14,0.86,1
3,1,0.7,0.79,5
1,2,0.22,0.87,1
1,2,0.38,0.46,2
2,1,0.5,0.63,1
4,2,0.6,0.88,2
1,1,0.24,0.27,1
2,1,0.56,0.68,2
4,2,0.44,0.54,2
2,1,0.74,0.66,2
4,1,0.22,0.8,1
1,1,0.2,0.34,1
1,1,0.08,0.53,1
3,1,0.74,0.79,1
1,1,0.1,0.54,1
4,1,0.42,0.3,4
2,1,0.34,0.57,1
3,1,0.52,0.68,2
4,2,0.32,0.45,4
4,1,0.26,0.35,2
2,1,0.6,0.46,4
2,2,0.54,0.64,2
4,2,0.44,0.67,1
2,1,0.6,0.73,5
1,2,0.38,0.43,1
4,3,0.4,0.94,2
4,1,0.5,0.63,2
3,2,0.72,0.74,2
2,2,0.76,0.52,5
1,1,0.46,0.28,1
2,1,0.72,0.26,3
4,2,0.6,0.73,2
4,1,0.36,0.81,1
2,2,0.64,0.78,3
2,1,0.34,0.53,1
2,1,0.68,0.74,3
2,2,0.24,0.93,1
4,2,0.58,0.94,1
4,1,0.32,0.53,3
2,1,0.54,0.56,1
1,1,0.26,0.52,1
4,2,0.46,0.94,1
2,3,0.26,0.93,1
3,1,0.76,0.45,6
4,2,0.36,0.5,3
4,1,0.56,0.56,3
4,1,0.36,0.43,2
1,1,0.22,0.69,1
3,2,0.66,0.5,2
2,1,0.68,0.79,2
2,1,0.64,0.38,4
2,1,0.32,0.81,1
4,2,0.6,0.88,2
3,1,0.62,0.61,2
1,1,0.26,0.81,1
3,1,0.7,0.65,4
2,2,0.72,0.62,4
1,3,0.4,0.54,1
3,1,0.68,0.62,2
3,1,0.7,0.79,2
3,1,0.84,0.32,2
4,2,0.36,0.62,2
4,2,0.38,0.54,2
4,1,0.52,0.55,2
4,2,0.36,0.5,5
1,2,0.32,0.93,2
4,1,0.56,0.64,5
3,1,0.66,0.89,1
4,1,0.26,0.87,1
2,1,0.56,0.49,3
1,1,0.2,0.32,1
3,1,0.68,0.61,2
2,1,0.6,0.49,1
1,1,0.24,0.65,1
4,1,0.4,0.66,5
1,1,0.12,0.93,1
1,1,0.2,0.69,1
3,2,0.72,0.7,4
4,2,0.52,0.83,1
3,3,0.62,0.78,1
4,1,0.5,0.63,2
1,1,0.38,0.4,3
3,2,0.66,0.89,2
4,1,0.26,0.48,1
4,3,0.44,1,1
2,2,0.48,0.82,2
2,1,0.64,0.94,1
4,1,0.42,0.77,1
2,1,0.24,0.7,1
4,3,0.38,0.94,2
2,1,0.38,0.71,1
1,1,0.4,0.54,2
2,3,0.34,0.81,1
4,2,0.6,0.78,6
3,1,0.86,0.56,2
4,1,0.32,0.9,3
3,1,0.9,0.25,2
3,1,0.72,0.84,2
4,2,0.38,0.62,2
4,1,0.36,0.71,2
4,1,0.62,0.43,4
4,1,0.36,0.71,1
3,1,0.8,0.55,3
3,1,0.8,0.55,5
4,1,0.62,0.61,5
3,1,0.72,0.74,2
4,2,0.36,0.71,3
1,1,0.16,0.37,2
3,1,0.66,0.89,1
1,1,0.18,0.8,1
1,1,0.18,0.29,1
2,2,0.46,0.82,2
4,2,0.6,0.69,2
1,3,0.42,0.77,1
2,1,0.7,0.7,6
4,1,0.68,0.74,5
2,2,0.56,0.88,1
1,3,0.36,1,1
4,1,0.36,0.87,1
1,2,0.14,0.59,1
4,2,0.62,0.94,1
4,1,0.26,0.75,1
3,1,0.76,0.58,3
1,1,0.06,0.45,1
1,1,0.4,0.65,1
2,1,0.32,0.66,1
2,2,0.5,0.88,1
2,2,0.52,0.94,1
3,1,0.7,0.58,2
1,2,0.24,0.65,1
2,1,0.6,0.49,4
2,3,0.5,0.88,2
4,2,0.54,0.88,2
4,1,0.62,0.46,6
2,2,0.52,0.87,2
2,1,0.52,0.27,3
4,2,0.62,0.41,2
2,3,0.46,0.94,1
2,1,0.66,0.65,5
1,1,0.26,0.48,1
4,2,0.66,0.89,6
4,1,0.34,0.87,1
1,3,0.14,0.93,1
2,2,0.8,0.43,2
2,1,0.56,0.94,1
2,3,0.6,0.78,3
2,1,0.58,0.4,3
2,2,0.52,0.83,2
3,1,0.66,0.65,1
3,1,0.92,0.4,2
3,2,0.64,0.78,2
3,1,0.76,0.33,3
3,1,0.84,0.56,2
3,1,0.46,0.82,1
2,2,0.54,0.45,1
3,1,0.78,0.46,3
1,2,0.18,0.43,1
4,2,0.54,0.6,2
2,1,0.78,0.46,4
4,3,0.46,0.88,2
1,1,0.24,0.41,2
